ISO-10303-21;
HEADER;
FILE_DESCRIPTION(('STEP AP203'),
    '1');
FILE_NAME('cubesatV2',
    '2026-02-16T18:57:43',
    ('dima'),
    (''),
    'C3D Converter',
    'C3D Toolkit',
    '');
/**/
FILE_SCHEMA(('CONFIG_CONTROL_DESIGN'));
ENDSEC;

DATA;
#1=PRODUCT_DEFINITION('','UNSPECIFIED',#48,#51);
#2=SHAPE_DEFINITION_REPRESENTATION(#46,#3);
#3=SHAPE_REPRESENTATION('NONE',(#4),#8);
#4=AXIS2_PLACEMENT_3D('',#5,#6,#7);
#5=CARTESIAN_POINT('',(0.,0.,0.));
#6=DIRECTION('',(0.,0.,1.));
#7=DIRECTION('',(1.,0.,0.));
#8=(GEOMETRIC_REPRESENTATION_CONTEXT(3)GLOBAL_UNCERTAINTY_ASSIGNED_CONTEXT((#10))
GLOBAL_UNIT_ASSIGNED_CONTEXT((#9,#11,#12))REPRESENTATION_CONTEXT('NONE','NONE'));
#9=(LENGTH_UNIT()NAMED_UNIT(*)SI_UNIT(.MILLI.,.METRE.));
#10=UNCERTAINTY_MEASURE_WITH_UNIT(LENGTH_MEASURE(1.E-5),#9,'NONE','NONE');
#11=(NAMED_UNIT(*)PLANE_ANGLE_UNIT()SI_UNIT($,.RADIAN.));
#12=(NAMED_UNIT(*)SI_UNIT($,.STERADIAN.)SOLID_ANGLE_UNIT());
#13=MANIFOLD_SOLID_BREP('',#14);
#14=CLOSED_SHELL('',(#73,#82,#91,#100,#109,#118,#127,#136,#145,#154,#163,#172,#181,
#190,#199,#208,#217,#226,#235,#244,#253,#262,#271,#280,#289,#298,#307,#316,#325,
#334,#343,#352,#361,#370,#379,#388,#397,#406,#415,#424,#433,#442,#451,#460,#469,
#478,#487,#496));
#15=COLOUR_RGB('',0.564705882352941,0.564705882352941,0.564705882352941);
#16=FILL_AREA_STYLE_COLOUR('',#15);
#17=FILL_AREA_STYLE($,(#16));
#18=SURFACE_STYLE_FILL_AREA(#17);
#19=SURFACE_SIDE_STYLE('',(#18));
#20=SURFACE_STYLE_USAGE(.BOTH.,#19);
#21=PRESENTATION_STYLE_ASSIGNMENT((#20));
#22=MECHANICAL_DESIGN_GEOMETRIC_PRESENTATION_REPRESENTATION('NONE',(#23,#33,#43,
#81,#90,#99,#108,#117,#126,#135,#144,#153,#162,#171,#180,#189,#198,#207,#216,#225,
#234,#243,#252,#261,#270,#279,#288,#297,#306,#315,#324,#333,#342,#351,#360,#369,
#378,#387,#396,#405,#414,#423,#432,#441,#450,#459,#468,#477,#486,#495,#504,#513,
#522,#531,#540,#549,#558,#567,#576,#585,#594,#603,#612,#621,#630,#639,#648,#657,
#666,#675,#684,#693,#702,#711,#720,#729,#738,#747,#756,#765,#774,#783,#792,#801,
#810,#819,#828,#837,#846,#855,#864,#873,#882,#891,#900,#909,#918,#927,#936,#945,
#954,#963,#972,#981,#990,#999,#1008,#1017,#1026,#1035,#1044,#1053,#1062),#8);
#23=STYLED_ITEM('',(#21),#13);
#24=MANIFOLD_SOLID_BREP('',#25);
#25=CLOSED_SHELL('',(#505,#514,#523,#532,#541,#550,#559,#568,#577,#586,#595,#604,
#613,#622,#631,#640,#649,#658,#667,#676,#685,#694,#703,#712,#721,#730,#739,#748,
#757,#766,#775,#784,#793,#802,#811,#820,#829,#838,#847,#856,#865,#874,#883,#892,
#901,#910,#919,#928));
#26=COLOUR_RGB('',0.564705882352941,0.564705882352941,0.564705882352941);
#27=FILL_AREA_STYLE_COLOUR('',#26);
#28=FILL_AREA_STYLE($,(#27));
#29=SURFACE_STYLE_FILL_AREA(#28);
#30=SURFACE_SIDE_STYLE('',(#29));
#31=SURFACE_STYLE_USAGE(.BOTH.,#30);
#32=PRESENTATION_STYLE_ASSIGNMENT((#31));
#33=STYLED_ITEM('',(#32),#24);
#34=MANIFOLD_SOLID_BREP('',#35);
#35=CLOSED_SHELL('',(#937,#946,#955,#964,#973,#982,#991,#1000,#1009,#1018,#1027,
#1036,#1045,#1054));
#36=COLOUR_RGB('',0.564705882352941,0.564705882352941,0.564705882352941);
#37=FILL_AREA_STYLE_COLOUR('',#36);
#38=FILL_AREA_STYLE($,(#37));
#39=SURFACE_STYLE_FILL_AREA(#38);
#40=SURFACE_SIDE_STYLE('',(#39));
#41=SURFACE_STYLE_USAGE(.BOTH.,#40);
#42=PRESENTATION_STYLE_ASSIGNMENT((#41));
#43=STYLED_ITEM('',(#42),#34);
#44=ADVANCED_BREP_SHAPE_REPRESENTATION('NONE',(#13,#24,#34),#8);
#45=SHAPE_REPRESENTATION_RELATIONSHIP('','',#3,#44);
#46=PRODUCT_DEFINITION_SHAPE('NONE','NONE',#1);
#47=MECHANICAL_CONTEXT('NONE',#52,'mechanical');
#48=PRODUCT_DEFINITION_FORMATION_WITH_SPECIFIED_SOURCE('ANY','UNSPECIFIED',#49,.NOT_KNOWN.);
#49=PRODUCT('','\X2\04210431043E0440043A0430\X0\','NONE',(#47));
#50=PRODUCT_RELATED_PRODUCT_CATEGORY('assembly','',(#49));
#51=DESIGN_CONTEXT('detailed design',#52,'design');
#52=APPLICATION_CONTEXT('configuration controlled 3d designs of mechanical parts and assemblies');
#53=APPLICATION_PROTOCOL_DEFINITION('international standard','config_control_design',
1994,#52);
#54=CC_DESIGN_DATE_AND_TIME_ASSIGNMENT(#55,#59,(#1));
#55=DATE_AND_TIME(#56,#57);
#56=CALENDAR_DATE(0,1,1);
#57=LOCAL_TIME(0,0,0.,#58);
#58=COORDINATED_UNIVERSAL_TIME_OFFSET(0,0,.AHEAD.);
#59=DATE_TIME_ROLE('creation_date');
#60=CC_DESIGN_APPROVAL(#61,(#1));
#61=APPROVAL(#62,'UNSPECIFIED');
#62=APPROVAL_STATUS('not_yet_approved');
#63=APPROVAL_DATE_TIME(#64,#61);
#64=DATE_AND_TIME(#65,#66);
#65=CALENDAR_DATE(0,1,1);
#66=LOCAL_TIME(0,0,0.,#67);
#67=COORDINATED_UNIVERSAL_TIME_OFFSET(0,0,.AHEAD.);
#68=PERSON('UNSPECIFIED','dima','UNSPECIFIED',('UNSPECIFIED'),('UNSPECIFIED'),('UNSPECIFIED'));
#69=ORGANIZATION('UNSPECIFIED','UNSPECIFIED','UNSPECIFIED');
#70=PERSON_AND_ORGANIZATION(#68,#69);
#71=PERSON_AND_ORGANIZATION_ROLE('creator');
#72=CC_DESIGN_PERSON_AND_ORGANIZATION_ASSIGNMENT(#70,#71,(#48,#1));
#73=ADVANCED_FACE('',(#1063),#1065,.F.);
#74=COLOUR_RGB('',0.564705882352941,0.564705882352941,0.564705882352941);
#75=FILL_AREA_STYLE_COLOUR('',#74);
#76=FILL_AREA_STYLE($,(#75));
#77=SURFACE_STYLE_FILL_AREA(#76);
#78=SURFACE_SIDE_STYLE('',(#77));
#79=SURFACE_STYLE_USAGE(.BOTH.,#78);
#80=PRESENTATION_STYLE_ASSIGNMENT((#79));
#81=STYLED_ITEM('',(#80),#73);
#82=ADVANCED_FACE('',(#1070),#1072,.F.);
#83=COLOUR_RGB('',0.564705882352941,0.564705882352941,0.564705882352941);
#84=FILL_AREA_STYLE_COLOUR('',#83);
#85=FILL_AREA_STYLE($,(#84));
#86=SURFACE_STYLE_FILL_AREA(#85);
#87=SURFACE_SIDE_STYLE('',(#86));
#88=SURFACE_STYLE_USAGE(.BOTH.,#87);
#89=PRESENTATION_STYLE_ASSIGNMENT((#88));
#90=STYLED_ITEM('',(#89),#82);
#91=ADVANCED_FACE('',(#1077),#1079,.T.);
#92=COLOUR_RGB('',0.564705882352941,0.564705882352941,0.564705882352941);
#93=FILL_AREA_STYLE_COLOUR('',#92);
#94=FILL_AREA_STYLE($,(#93));
#95=SURFACE_STYLE_FILL_AREA(#94);
#96=SURFACE_SIDE_STYLE('',(#95));
#97=SURFACE_STYLE_USAGE(.BOTH.,#96);
#98=PRESENTATION_STYLE_ASSIGNMENT((#97));
#99=STYLED_ITEM('',(#98),#91);
#100=ADVANCED_FACE('',(#1084),#1086,.T.);
#101=COLOUR_RGB('',0.564705882352941,0.564705882352941,0.564705882352941);
#102=FILL_AREA_STYLE_COLOUR('',#101);
#103=FILL_AREA_STYLE($,(#102));
#104=SURFACE_STYLE_FILL_AREA(#103);
#105=SURFACE_SIDE_STYLE('',(#104));
#106=SURFACE_STYLE_USAGE(.BOTH.,#105);
#107=PRESENTATION_STYLE_ASSIGNMENT((#106));
#108=STYLED_ITEM('',(#107),#100);
#109=ADVANCED_FACE('',(#1091),#1093,.T.);
#110=COLOUR_RGB('',0.564705882352941,0.564705882352941,0.564705882352941);
#111=FILL_AREA_STYLE_COLOUR('',#110);
#112=FILL_AREA_STYLE($,(#111));
#113=SURFACE_STYLE_FILL_AREA(#112);
#114=SURFACE_SIDE_STYLE('',(#113));
#115=SURFACE_STYLE_USAGE(.BOTH.,#114);
#116=PRESENTATION_STYLE_ASSIGNMENT((#115));
#117=STYLED_ITEM('',(#116),#109);
#118=ADVANCED_FACE('',(#1098),#1100,.T.);
#119=COLOUR_RGB('',0.564705882352941,0.564705882352941,0.564705882352941);
#120=FILL_AREA_STYLE_COLOUR('',#119);
#121=FILL_AREA_STYLE($,(#120));
#122=SURFACE_STYLE_FILL_AREA(#121);
#123=SURFACE_SIDE_STYLE('',(#122));
#124=SURFACE_STYLE_USAGE(.BOTH.,#123);
#125=PRESENTATION_STYLE_ASSIGNMENT((#124));
#126=STYLED_ITEM('',(#125),#118);
#127=ADVANCED_FACE('',(#1105),#1107,.T.);
#128=COLOUR_RGB('',0.564705882352941,0.564705882352941,0.564705882352941);
#129=FILL_AREA_STYLE_COLOUR('',#128);
#130=FILL_AREA_STYLE($,(#129));
#131=SURFACE_STYLE_FILL_AREA(#130);
#132=SURFACE_SIDE_STYLE('',(#131));
#133=SURFACE_STYLE_USAGE(.BOTH.,#132);
#134=PRESENTATION_STYLE_ASSIGNMENT((#133));
#135=STYLED_ITEM('',(#134),#127);
#136=ADVANCED_FACE('',(#1112),#1114,.T.);
#137=COLOUR_RGB('',0.564705882352941,0.564705882352941,0.564705882352941);
#138=FILL_AREA_STYLE_COLOUR('',#137);
#139=FILL_AREA_STYLE($,(#138));
#140=SURFACE_STYLE_FILL_AREA(#139);
#141=SURFACE_SIDE_STYLE('',(#140));
#142=SURFACE_STYLE_USAGE(.BOTH.,#141);
#143=PRESENTATION_STYLE_ASSIGNMENT((#142));
#144=STYLED_ITEM('',(#143),#136);
#145=ADVANCED_FACE('',(#1119),#1121,.T.);
#146=COLOUR_RGB('',0.564705882352941,0.564705882352941,0.564705882352941);
#147=FILL_AREA_STYLE_COLOUR('',#146);
#148=FILL_AREA_STYLE($,(#147));
#149=SURFACE_STYLE_FILL_AREA(#148);
#150=SURFACE_SIDE_STYLE('',(#149));
#151=SURFACE_STYLE_USAGE(.BOTH.,#150);
#152=PRESENTATION_STYLE_ASSIGNMENT((#151));
#153=STYLED_ITEM('',(#152),#145);
#154=ADVANCED_FACE('',(#1126),#1128,.T.);
#155=COLOUR_RGB('',0.564705882352941,0.564705882352941,0.564705882352941);
#156=FILL_AREA_STYLE_COLOUR('',#155);
#157=FILL_AREA_STYLE($,(#156));
#158=SURFACE_STYLE_FILL_AREA(#157);
#159=SURFACE_SIDE_STYLE('',(#158));
#160=SURFACE_STYLE_USAGE(.BOTH.,#159);
#161=PRESENTATION_STYLE_ASSIGNMENT((#160));
#162=STYLED_ITEM('',(#161),#154);
#163=ADVANCED_FACE('',(#1133),#1135,.T.);
#164=COLOUR_RGB('',0.564705882352941,0.564705882352941,0.564705882352941);
#165=FILL_AREA_STYLE_COLOUR('',#164);
#166=FILL_AREA_STYLE($,(#165));
#167=SURFACE_STYLE_FILL_AREA(#166);
#168=SURFACE_SIDE_STYLE('',(#167));
#169=SURFACE_STYLE_USAGE(.BOTH.,#168);
#170=PRESENTATION_STYLE_ASSIGNMENT((#169));
#171=STYLED_ITEM('',(#170),#163);
#172=ADVANCED_FACE('',(#1140),#1142,.T.);
#173=COLOUR_RGB('',0.564705882352941,0.564705882352941,0.564705882352941);
#174=FILL_AREA_STYLE_COLOUR('',#173);
#175=FILL_AREA_STYLE($,(#174));
#176=SURFACE_STYLE_FILL_AREA(#175);
#177=SURFACE_SIDE_STYLE('',(#176));
#178=SURFACE_STYLE_USAGE(.BOTH.,#177);
#179=PRESENTATION_STYLE_ASSIGNMENT((#178));
#180=STYLED_ITEM('',(#179),#172);
#181=ADVANCED_FACE('',(#1147),#1149,.T.);
#182=COLOUR_RGB('',0.564705882352941,0.564705882352941,0.564705882352941);
#183=FILL_AREA_STYLE_COLOUR('',#182);
#184=FILL_AREA_STYLE($,(#183));
#185=SURFACE_STYLE_FILL_AREA(#184);
#186=SURFACE_SIDE_STYLE('',(#185));
#187=SURFACE_STYLE_USAGE(.BOTH.,#186);
#188=PRESENTATION_STYLE_ASSIGNMENT((#187));
#189=STYLED_ITEM('',(#188),#181);
#190=ADVANCED_FACE('',(#1154),#1156,.F.);
#191=COLOUR_RGB('',0.564705882352941,0.564705882352941,0.564705882352941);
#192=FILL_AREA_STYLE_COLOUR('',#191);
#193=FILL_AREA_STYLE($,(#192));
#194=SURFACE_STYLE_FILL_AREA(#193);
#195=SURFACE_SIDE_STYLE('',(#194));
#196=SURFACE_STYLE_USAGE(.BOTH.,#195);
#197=PRESENTATION_STYLE_ASSIGNMENT((#196));
#198=STYLED_ITEM('',(#197),#190);
#199=ADVANCED_FACE('',(#1161),#1163,.F.);
#200=COLOUR_RGB('',0.564705882352941,0.564705882352941,0.564705882352941);
#201=FILL_AREA_STYLE_COLOUR('',#200);
#202=FILL_AREA_STYLE($,(#201));
#203=SURFACE_STYLE_FILL_AREA(#202);
#204=SURFACE_SIDE_STYLE('',(#203));
#205=SURFACE_STYLE_USAGE(.BOTH.,#204);
#206=PRESENTATION_STYLE_ASSIGNMENT((#205));
#207=STYLED_ITEM('',(#206),#199);
#208=ADVANCED_FACE('',(#1168),#1170,.T.);
#209=COLOUR_RGB('',0.564705882352941,0.564705882352941,0.564705882352941);
#210=FILL_AREA_STYLE_COLOUR('',#209);
#211=FILL_AREA_STYLE($,(#210));
#212=SURFACE_STYLE_FILL_AREA(#211);
#213=SURFACE_SIDE_STYLE('',(#212));
#214=SURFACE_STYLE_USAGE(.BOTH.,#213);
#215=PRESENTATION_STYLE_ASSIGNMENT((#214));
#216=STYLED_ITEM('',(#215),#208);
#217=ADVANCED_FACE('',(#1175),#1177,.F.);
#218=COLOUR_RGB('',0.564705882352941,0.564705882352941,0.564705882352941);
#219=FILL_AREA_STYLE_COLOUR('',#218);
#220=FILL_AREA_STYLE($,(#219));
#221=SURFACE_STYLE_FILL_AREA(#220);
#222=SURFACE_SIDE_STYLE('',(#221));
#223=SURFACE_STYLE_USAGE(.BOTH.,#222);
#224=PRESENTATION_STYLE_ASSIGNMENT((#223));
#225=STYLED_ITEM('',(#224),#217);
#226=ADVANCED_FACE('',(#1182),#1184,.T.);
#227=COLOUR_RGB('',0.564705882352941,0.564705882352941,0.564705882352941);
#228=FILL_AREA_STYLE_COLOUR('',#227);
#229=FILL_AREA_STYLE($,(#228));
#230=SURFACE_STYLE_FILL_AREA(#229);
#231=SURFACE_SIDE_STYLE('',(#230));
#232=SURFACE_STYLE_USAGE(.BOTH.,#231);
#233=PRESENTATION_STYLE_ASSIGNMENT((#232));
#234=STYLED_ITEM('',(#233),#226);
#235=ADVANCED_FACE('',(#1189),#1191,.F.);
#236=COLOUR_RGB('',0.564705882352941,0.564705882352941,0.564705882352941);
#237=FILL_AREA_STYLE_COLOUR('',#236);
#238=FILL_AREA_STYLE($,(#237));
#239=SURFACE_STYLE_FILL_AREA(#238);
#240=SURFACE_SIDE_STYLE('',(#239));
#241=SURFACE_STYLE_USAGE(.BOTH.,#240);
#242=PRESENTATION_STYLE_ASSIGNMENT((#241));
#243=STYLED_ITEM('',(#242),#235);
#244=ADVANCED_FACE('',(#1196),#1198,.F.);
#245=COLOUR_RGB('',0.564705882352941,0.564705882352941,0.564705882352941);
#246=FILL_AREA_STYLE_COLOUR('',#245);
#247=FILL_AREA_STYLE($,(#246));
#248=SURFACE_STYLE_FILL_AREA(#247);
#249=SURFACE_SIDE_STYLE('',(#248));
#250=SURFACE_STYLE_USAGE(.BOTH.,#249);
#251=PRESENTATION_STYLE_ASSIGNMENT((#250));
#252=STYLED_ITEM('',(#251),#244);
#253=ADVANCED_FACE('',(#1203),#1205,.F.);
#254=COLOUR_RGB('',0.564705882352941,0.564705882352941,0.564705882352941);
#255=FILL_AREA_STYLE_COLOUR('',#254);
#256=FILL_AREA_STYLE($,(#255));
#257=SURFACE_STYLE_FILL_AREA(#256);
#258=SURFACE_SIDE_STYLE('',(#257));
#259=SURFACE_STYLE_USAGE(.BOTH.,#258);
#260=PRESENTATION_STYLE_ASSIGNMENT((#259));
#261=STYLED_ITEM('',(#260),#253);
#262=ADVANCED_FACE('',(#1210),#1212,.F.);
#263=COLOUR_RGB('',0.564705882352941,0.564705882352941,0.564705882352941);
#264=FILL_AREA_STYLE_COLOUR('',#263);
#265=FILL_AREA_STYLE($,(#264));
#266=SURFACE_STYLE_FILL_AREA(#265);
#267=SURFACE_SIDE_STYLE('',(#266));
#268=SURFACE_STYLE_USAGE(.BOTH.,#267);
#269=PRESENTATION_STYLE_ASSIGNMENT((#268));
#270=STYLED_ITEM('',(#269),#262);
#271=ADVANCED_FACE('',(#1217),#1219,.F.);
#272=COLOUR_RGB('',0.564705882352941,0.564705882352941,0.564705882352941);
#273=FILL_AREA_STYLE_COLOUR('',#272);
#274=FILL_AREA_STYLE($,(#273));
#275=SURFACE_STYLE_FILL_AREA(#274);
#276=SURFACE_SIDE_STYLE('',(#275));
#277=SURFACE_STYLE_USAGE(.BOTH.,#276);
#278=PRESENTATION_STYLE_ASSIGNMENT((#277));
#279=STYLED_ITEM('',(#278),#271);
#280=ADVANCED_FACE('',(#1224),#1226,.T.);
#281=COLOUR_RGB('',0.564705882352941,0.564705882352941,0.564705882352941);
#282=FILL_AREA_STYLE_COLOUR('',#281);
#283=FILL_AREA_STYLE($,(#282));
#284=SURFACE_STYLE_FILL_AREA(#283);
#285=SURFACE_SIDE_STYLE('',(#284));
#286=SURFACE_STYLE_USAGE(.BOTH.,#285);
#287=PRESENTATION_STYLE_ASSIGNMENT((#286));
#288=STYLED_ITEM('',(#287),#280);
#289=ADVANCED_FACE('',(#1231),#1233,.F.);
#290=COLOUR_RGB('',0.564705882352941,0.564705882352941,0.564705882352941);
#291=FILL_AREA_STYLE_COLOUR('',#290);
#292=FILL_AREA_STYLE($,(#291));
#293=SURFACE_STYLE_FILL_AREA(#292);
#294=SURFACE_SIDE_STYLE('',(#293));
#295=SURFACE_STYLE_USAGE(.BOTH.,#294);
#296=PRESENTATION_STYLE_ASSIGNMENT((#295));
#297=STYLED_ITEM('',(#296),#289);
#298=ADVANCED_FACE('',(#1238),#1240,.F.);
#299=COLOUR_RGB('',0.564705882352941,0.564705882352941,0.564705882352941);
#300=FILL_AREA_STYLE_COLOUR('',#299);
#301=FILL_AREA_STYLE($,(#300));
#302=SURFACE_STYLE_FILL_AREA(#301);
#303=SURFACE_SIDE_STYLE('',(#302));
#304=SURFACE_STYLE_USAGE(.BOTH.,#303);
#305=PRESENTATION_STYLE_ASSIGNMENT((#304));
#306=STYLED_ITEM('',(#305),#298);
#307=ADVANCED_FACE('',(#1245),#1247,.F.);
#308=COLOUR_RGB('',0.564705882352941,0.564705882352941,0.564705882352941);
#309=FILL_AREA_STYLE_COLOUR('',#308);
#310=FILL_AREA_STYLE($,(#309));
#311=SURFACE_STYLE_FILL_AREA(#310);
#312=SURFACE_SIDE_STYLE('',(#311));
#313=SURFACE_STYLE_USAGE(.BOTH.,#312);
#314=PRESENTATION_STYLE_ASSIGNMENT((#313));
#315=STYLED_ITEM('',(#314),#307);
#316=ADVANCED_FACE('',(#1252),#1254,.F.);
#317=COLOUR_RGB('',0.564705882352941,0.564705882352941,0.564705882352941);
#318=FILL_AREA_STYLE_COLOUR('',#317);
#319=FILL_AREA_STYLE($,(#318));
#320=SURFACE_STYLE_FILL_AREA(#319);
#321=SURFACE_SIDE_STYLE('',(#320));
#322=SURFACE_STYLE_USAGE(.BOTH.,#321);
#323=PRESENTATION_STYLE_ASSIGNMENT((#322));
#324=STYLED_ITEM('',(#323),#316);
#325=ADVANCED_FACE('',(#1259),#1261,.F.);
#326=COLOUR_RGB('',0.564705882352941,0.564705882352941,0.564705882352941);
#327=FILL_AREA_STYLE_COLOUR('',#326);
#328=FILL_AREA_STYLE($,(#327));
#329=SURFACE_STYLE_FILL_AREA(#328);
#330=SURFACE_SIDE_STYLE('',(#329));
#331=SURFACE_STYLE_USAGE(.BOTH.,#330);
#332=PRESENTATION_STYLE_ASSIGNMENT((#331));
#333=STYLED_ITEM('',(#332),#325);
#334=ADVANCED_FACE('',(#1266),#1268,.T.);
#335=COLOUR_RGB('',0.564705882352941,0.564705882352941,0.564705882352941);
#336=FILL_AREA_STYLE_COLOUR('',#335);
#337=FILL_AREA_STYLE($,(#336));
#338=SURFACE_STYLE_FILL_AREA(#337);
#339=SURFACE_SIDE_STYLE('',(#338));
#340=SURFACE_STYLE_USAGE(.BOTH.,#339);
#341=PRESENTATION_STYLE_ASSIGNMENT((#340));
#342=STYLED_ITEM('',(#341),#334);
#343=ADVANCED_FACE('',(#1273),#1275,.F.);
#344=COLOUR_RGB('',0.564705882352941,0.564705882352941,0.564705882352941);
#345=FILL_AREA_STYLE_COLOUR('',#344);
#346=FILL_AREA_STYLE($,(#345));
#347=SURFACE_STYLE_FILL_AREA(#346);
#348=SURFACE_SIDE_STYLE('',(#347));
#349=SURFACE_STYLE_USAGE(.BOTH.,#348);
#350=PRESENTATION_STYLE_ASSIGNMENT((#349));
#351=STYLED_ITEM('',(#350),#343);
#352=ADVANCED_FACE('',(#1280),#1282,.F.);
#353=COLOUR_RGB('',0.564705882352941,0.564705882352941,0.564705882352941);
#354=FILL_AREA_STYLE_COLOUR('',#353);
#355=FILL_AREA_STYLE($,(#354));
#356=SURFACE_STYLE_FILL_AREA(#355);
#357=SURFACE_SIDE_STYLE('',(#356));
#358=SURFACE_STYLE_USAGE(.BOTH.,#357);
#359=PRESENTATION_STYLE_ASSIGNMENT((#358));
#360=STYLED_ITEM('',(#359),#352);
#361=ADVANCED_FACE('',(#1287),#1289,.T.);
#362=COLOUR_RGB('',0.564705882352941,0.564705882352941,0.564705882352941);
#363=FILL_AREA_STYLE_COLOUR('',#362);
#364=FILL_AREA_STYLE($,(#363));
#365=SURFACE_STYLE_FILL_AREA(#364);
#366=SURFACE_SIDE_STYLE('',(#365));
#367=SURFACE_STYLE_USAGE(.BOTH.,#366);
#368=PRESENTATION_STYLE_ASSIGNMENT((#367));
#369=STYLED_ITEM('',(#368),#361);
#370=ADVANCED_FACE('',(#1294),#1296,.T.);
#371=COLOUR_RGB('',0.564705882352941,0.564705882352941,0.564705882352941);
#372=FILL_AREA_STYLE_COLOUR('',#371);
#373=FILL_AREA_STYLE($,(#372));
#374=SURFACE_STYLE_FILL_AREA(#373);
#375=SURFACE_SIDE_STYLE('',(#374));
#376=SURFACE_STYLE_USAGE(.BOTH.,#375);
#377=PRESENTATION_STYLE_ASSIGNMENT((#376));
#378=STYLED_ITEM('',(#377),#370);
#379=ADVANCED_FACE('',(#1301),#1303,.T.);
#380=COLOUR_RGB('',0.564705882352941,0.564705882352941,0.564705882352941);
#381=FILL_AREA_STYLE_COLOUR('',#380);
#382=FILL_AREA_STYLE($,(#381));
#383=SURFACE_STYLE_FILL_AREA(#382);
#384=SURFACE_SIDE_STYLE('',(#383));
#385=SURFACE_STYLE_USAGE(.BOTH.,#384);
#386=PRESENTATION_STYLE_ASSIGNMENT((#385));
#387=STYLED_ITEM('',(#386),#379);
#388=ADVANCED_FACE('',(#1308),#1310,.T.);
#389=COLOUR_RGB('',0.564705882352941,0.564705882352941,0.564705882352941);
#390=FILL_AREA_STYLE_COLOUR('',#389);
#391=FILL_AREA_STYLE($,(#390));
#392=SURFACE_STYLE_FILL_AREA(#391);
#393=SURFACE_SIDE_STYLE('',(#392));
#394=SURFACE_STYLE_USAGE(.BOTH.,#393);
#395=PRESENTATION_STYLE_ASSIGNMENT((#394));
#396=STYLED_ITEM('',(#395),#388);
#397=ADVANCED_FACE('',(#1315),#1317,.T.);
#398=COLOUR_RGB('',0.564705882352941,0.564705882352941,0.564705882352941);
#399=FILL_AREA_STYLE_COLOUR('',#398);
#400=FILL_AREA_STYLE($,(#399));
#401=SURFACE_STYLE_FILL_AREA(#400);
#402=SURFACE_SIDE_STYLE('',(#401));
#403=SURFACE_STYLE_USAGE(.BOTH.,#402);
#404=PRESENTATION_STYLE_ASSIGNMENT((#403));
#405=STYLED_ITEM('',(#404),#397);
#406=ADVANCED_FACE('',(#1322),#1324,.F.);
#407=COLOUR_RGB('',0.564705882352941,0.564705882352941,0.564705882352941);
#408=FILL_AREA_STYLE_COLOUR('',#407);
#409=FILL_AREA_STYLE($,(#408));
#410=SURFACE_STYLE_FILL_AREA(#409);
#411=SURFACE_SIDE_STYLE('',(#410));
#412=SURFACE_STYLE_USAGE(.BOTH.,#411);
#413=PRESENTATION_STYLE_ASSIGNMENT((#412));
#414=STYLED_ITEM('',(#413),#406);
#415=ADVANCED_FACE('',(#1329),#1331,.F.);
#416=COLOUR_RGB('',0.564705882352941,0.564705882352941,0.564705882352941);
#417=FILL_AREA_STYLE_COLOUR('',#416);
#418=FILL_AREA_STYLE($,(#417));
#419=SURFACE_STYLE_FILL_AREA(#418);
#420=SURFACE_SIDE_STYLE('',(#419));
#421=SURFACE_STYLE_USAGE(.BOTH.,#420);
#422=PRESENTATION_STYLE_ASSIGNMENT((#421));
#423=STYLED_ITEM('',(#422),#415);
#424=ADVANCED_FACE('',(#1336),#1338,.T.);
#425=COLOUR_RGB('',0.564705882352941,0.564705882352941,0.564705882352941);
#426=FILL_AREA_STYLE_COLOUR('',#425);
#427=FILL_AREA_STYLE($,(#426));
#428=SURFACE_STYLE_FILL_AREA(#427);
#429=SURFACE_SIDE_STYLE('',(#428));
#430=SURFACE_STYLE_USAGE(.BOTH.,#429);
#431=PRESENTATION_STYLE_ASSIGNMENT((#430));
#432=STYLED_ITEM('',(#431),#424);
#433=ADVANCED_FACE('',(#1343),#1345,.T.);
#434=COLOUR_RGB('',0.564705882352941,0.564705882352941,0.564705882352941);
#435=FILL_AREA_STYLE_COLOUR('',#434);
#436=FILL_AREA_STYLE($,(#435));
#437=SURFACE_STYLE_FILL_AREA(#436);
#438=SURFACE_SIDE_STYLE('',(#437));
#439=SURFACE_STYLE_USAGE(.BOTH.,#438);
#440=PRESENTATION_STYLE_ASSIGNMENT((#439));
#441=STYLED_ITEM('',(#440),#433);
#442=ADVANCED_FACE('',(#1350),#1352,.F.);
#443=COLOUR_RGB('',0.564705882352941,0.564705882352941,0.564705882352941);
#444=FILL_AREA_STYLE_COLOUR('',#443);
#445=FILL_AREA_STYLE($,(#444));
#446=SURFACE_STYLE_FILL_AREA(#445);
#447=SURFACE_SIDE_STYLE('',(#446));
#448=SURFACE_STYLE_USAGE(.BOTH.,#447);
#449=PRESENTATION_STYLE_ASSIGNMENT((#448));
#450=STYLED_ITEM('',(#449),#442);
#451=ADVANCED_FACE('',(#1357),#1359,.F.);
#452=COLOUR_RGB('',0.564705882352941,0.564705882352941,0.564705882352941);
#453=FILL_AREA_STYLE_COLOUR('',#452);
#454=FILL_AREA_STYLE($,(#453));
#455=SURFACE_STYLE_FILL_AREA(#454);
#456=SURFACE_SIDE_STYLE('',(#455));
#457=SURFACE_STYLE_USAGE(.BOTH.,#456);
#458=PRESENTATION_STYLE_ASSIGNMENT((#457));
#459=STYLED_ITEM('',(#458),#451);
#460=ADVANCED_FACE('',(#1364),#1366,.F.);
#461=COLOUR_RGB('',0.564705882352941,0.564705882352941,0.564705882352941);
#462=FILL_AREA_STYLE_COLOUR('',#461);
#463=FILL_AREA_STYLE($,(#462));
#464=SURFACE_STYLE_FILL_AREA(#463);
#465=SURFACE_SIDE_STYLE('',(#464));
#466=SURFACE_STYLE_USAGE(.BOTH.,#465);
#467=PRESENTATION_STYLE_ASSIGNMENT((#466));
#468=STYLED_ITEM('',(#467),#460);
#469=ADVANCED_FACE('',(#1371),#1373,.T.);
#470=COLOUR_RGB('',0.564705882352941,0.564705882352941,0.564705882352941);
#471=FILL_AREA_STYLE_COLOUR('',#470);
#472=FILL_AREA_STYLE($,(#471));
#473=SURFACE_STYLE_FILL_AREA(#472);
#474=SURFACE_SIDE_STYLE('',(#473));
#475=SURFACE_STYLE_USAGE(.BOTH.,#474);
#476=PRESENTATION_STYLE_ASSIGNMENT((#475));
#477=STYLED_ITEM('',(#476),#469);
#478=ADVANCED_FACE('',(#1378),#1380,.F.);
#479=COLOUR_RGB('',0.564705882352941,0.564705882352941,0.564705882352941);
#480=FILL_AREA_STYLE_COLOUR('',#479);
#481=FILL_AREA_STYLE($,(#480));
#482=SURFACE_STYLE_FILL_AREA(#481);
#483=SURFACE_SIDE_STYLE('',(#482));
#484=SURFACE_STYLE_USAGE(.BOTH.,#483);
#485=PRESENTATION_STYLE_ASSIGNMENT((#484));
#486=STYLED_ITEM('',(#485),#478);
#487=ADVANCED_FACE('',(#1385),#1387,.F.);
#488=COLOUR_RGB('',0.564705882352941,0.564705882352941,0.564705882352941);
#489=FILL_AREA_STYLE_COLOUR('',#488);
#490=FILL_AREA_STYLE($,(#489));
#491=SURFACE_STYLE_FILL_AREA(#490);
#492=SURFACE_SIDE_STYLE('',(#491));
#493=SURFACE_STYLE_USAGE(.BOTH.,#492);
#494=PRESENTATION_STYLE_ASSIGNMENT((#493));
#495=STYLED_ITEM('',(#494),#487);
#496=ADVANCED_FACE('',(#1392),#1394,.T.);
#497=COLOUR_RGB('',0.564705882352941,0.564705882352941,0.564705882352941);
#498=FILL_AREA_STYLE_COLOUR('',#497);
#499=FILL_AREA_STYLE($,(#498));
#500=SURFACE_STYLE_FILL_AREA(#499);
#501=SURFACE_SIDE_STYLE('',(#500));
#502=SURFACE_STYLE_USAGE(.BOTH.,#501);
#503=PRESENTATION_STYLE_ASSIGNMENT((#502));
#504=STYLED_ITEM('',(#503),#496);
#505=ADVANCED_FACE('',(#1399),#1401,.F.);
#506=COLOUR_RGB('',0.564705882352941,0.564705882352941,0.564705882352941);
#507=FILL_AREA_STYLE_COLOUR('',#506);
#508=FILL_AREA_STYLE($,(#507));
#509=SURFACE_STYLE_FILL_AREA(#508);
#510=SURFACE_SIDE_STYLE('',(#509));
#511=SURFACE_STYLE_USAGE(.BOTH.,#510);
#512=PRESENTATION_STYLE_ASSIGNMENT((#511));
#513=STYLED_ITEM('',(#512),#505);
#514=ADVANCED_FACE('',(#1406),#1408,.F.);
#515=COLOUR_RGB('',0.564705882352941,0.564705882352941,0.564705882352941);
#516=FILL_AREA_STYLE_COLOUR('',#515);
#517=FILL_AREA_STYLE($,(#516));
#518=SURFACE_STYLE_FILL_AREA(#517);
#519=SURFACE_SIDE_STYLE('',(#518));
#520=SURFACE_STYLE_USAGE(.BOTH.,#519);
#521=PRESENTATION_STYLE_ASSIGNMENT((#520));
#522=STYLED_ITEM('',(#521),#514);
#523=ADVANCED_FACE('',(#1413),#1415,.T.);
#524=COLOUR_RGB('',0.564705882352941,0.564705882352941,0.564705882352941);
#525=FILL_AREA_STYLE_COLOUR('',#524);
#526=FILL_AREA_STYLE($,(#525));
#527=SURFACE_STYLE_FILL_AREA(#526);
#528=SURFACE_SIDE_STYLE('',(#527));
#529=SURFACE_STYLE_USAGE(.BOTH.,#528);
#530=PRESENTATION_STYLE_ASSIGNMENT((#529));
#531=STYLED_ITEM('',(#530),#523);
#532=ADVANCED_FACE('',(#1420),#1422,.F.);
#533=COLOUR_RGB('',0.564705882352941,0.564705882352941,0.564705882352941);
#534=FILL_AREA_STYLE_COLOUR('',#533);
#535=FILL_AREA_STYLE($,(#534));
#536=SURFACE_STYLE_FILL_AREA(#535);
#537=SURFACE_SIDE_STYLE('',(#536));
#538=SURFACE_STYLE_USAGE(.BOTH.,#537);
#539=PRESENTATION_STYLE_ASSIGNMENT((#538));
#540=STYLED_ITEM('',(#539),#532);
#541=ADVANCED_FACE('',(#1427),#1429,.T.);
#542=COLOUR_RGB('',0.564705882352941,0.564705882352941,0.564705882352941);
#543=FILL_AREA_STYLE_COLOUR('',#542);
#544=FILL_AREA_STYLE($,(#543));
#545=SURFACE_STYLE_FILL_AREA(#544);
#546=SURFACE_SIDE_STYLE('',(#545));
#547=SURFACE_STYLE_USAGE(.BOTH.,#546);
#548=PRESENTATION_STYLE_ASSIGNMENT((#547));
#549=STYLED_ITEM('',(#548),#541);
#550=ADVANCED_FACE('',(#1434),#1436,.F.);
#551=COLOUR_RGB('',0.564705882352941,0.564705882352941,0.564705882352941);
#552=FILL_AREA_STYLE_COLOUR('',#551);
#553=FILL_AREA_STYLE($,(#552));
#554=SURFACE_STYLE_FILL_AREA(#553);
#555=SURFACE_SIDE_STYLE('',(#554));
#556=SURFACE_STYLE_USAGE(.BOTH.,#555);
#557=PRESENTATION_STYLE_ASSIGNMENT((#556));
#558=STYLED_ITEM('',(#557),#550);
#559=ADVANCED_FACE('',(#1441),#1443,.F.);
#560=COLOUR_RGB('',0.564705882352941,0.564705882352941,0.564705882352941);
#561=FILL_AREA_STYLE_COLOUR('',#560);
#562=FILL_AREA_STYLE($,(#561));
#563=SURFACE_STYLE_FILL_AREA(#562);
#564=SURFACE_SIDE_STYLE('',(#563));
#565=SURFACE_STYLE_USAGE(.BOTH.,#564);
#566=PRESENTATION_STYLE_ASSIGNMENT((#565));
#567=STYLED_ITEM('',(#566),#559);
#568=ADVANCED_FACE('',(#1448),#1450,.T.);
#569=COLOUR_RGB('',0.564705882352941,0.564705882352941,0.564705882352941);
#570=FILL_AREA_STYLE_COLOUR('',#569);
#571=FILL_AREA_STYLE($,(#570));
#572=SURFACE_STYLE_FILL_AREA(#571);
#573=SURFACE_SIDE_STYLE('',(#572));
#574=SURFACE_STYLE_USAGE(.BOTH.,#573);
#575=PRESENTATION_STYLE_ASSIGNMENT((#574));
#576=STYLED_ITEM('',(#575),#568);
#577=ADVANCED_FACE('',(#1455),#1457,.F.);
#578=COLOUR_RGB('',0.564705882352941,0.564705882352941,0.564705882352941);
#579=FILL_AREA_STYLE_COLOUR('',#578);
#580=FILL_AREA_STYLE($,(#579));
#581=SURFACE_STYLE_FILL_AREA(#580);
#582=SURFACE_SIDE_STYLE('',(#581));
#583=SURFACE_STYLE_USAGE(.BOTH.,#582);
#584=PRESENTATION_STYLE_ASSIGNMENT((#583));
#585=STYLED_ITEM('',(#584),#577);
#586=ADVANCED_FACE('',(#1462),#1464,.F.);
#587=COLOUR_RGB('',0.564705882352941,0.564705882352941,0.564705882352941);
#588=FILL_AREA_STYLE_COLOUR('',#587);
#589=FILL_AREA_STYLE($,(#588));
#590=SURFACE_STYLE_FILL_AREA(#589);
#591=SURFACE_SIDE_STYLE('',(#590));
#592=SURFACE_STYLE_USAGE(.BOTH.,#591);
#593=PRESENTATION_STYLE_ASSIGNMENT((#592));
#594=STYLED_ITEM('',(#593),#586);
#595=ADVANCED_FACE('',(#1469),#1471,.T.);
#596=COLOUR_RGB('',0.564705882352941,0.564705882352941,0.564705882352941);
#597=FILL_AREA_STYLE_COLOUR('',#596);
#598=FILL_AREA_STYLE($,(#597));
#599=SURFACE_STYLE_FILL_AREA(#598);
#600=SURFACE_SIDE_STYLE('',(#599));
#601=SURFACE_STYLE_USAGE(.BOTH.,#600);
#602=PRESENTATION_STYLE_ASSIGNMENT((#601));
#603=STYLED_ITEM('',(#602),#595);
#604=ADVANCED_FACE('',(#1476),#1478,.F.);
#605=COLOUR_RGB('',0.564705882352941,0.564705882352941,0.564705882352941);
#606=FILL_AREA_STYLE_COLOUR('',#605);
#607=FILL_AREA_STYLE($,(#606));
#608=SURFACE_STYLE_FILL_AREA(#607);
#609=SURFACE_SIDE_STYLE('',(#608));
#610=SURFACE_STYLE_USAGE(.BOTH.,#609);
#611=PRESENTATION_STYLE_ASSIGNMENT((#610));
#612=STYLED_ITEM('',(#611),#604);
#613=ADVANCED_FACE('',(#1483),#1485,.F.);
#614=COLOUR_RGB('',0.564705882352941,0.564705882352941,0.564705882352941);
#615=FILL_AREA_STYLE_COLOUR('',#614);
#616=FILL_AREA_STYLE($,(#615));
#617=SURFACE_STYLE_FILL_AREA(#616);
#618=SURFACE_SIDE_STYLE('',(#617));
#619=SURFACE_STYLE_USAGE(.BOTH.,#618);
#620=PRESENTATION_STYLE_ASSIGNMENT((#619));
#621=STYLED_ITEM('',(#620),#613);
#622=ADVANCED_FACE('',(#1490),#1492,.T.);
#623=COLOUR_RGB('',0.564705882352941,0.564705882352941,0.564705882352941);
#624=FILL_AREA_STYLE_COLOUR('',#623);
#625=FILL_AREA_STYLE($,(#624));
#626=SURFACE_STYLE_FILL_AREA(#625);
#627=SURFACE_SIDE_STYLE('',(#626));
#628=SURFACE_STYLE_USAGE(.BOTH.,#627);
#629=PRESENTATION_STYLE_ASSIGNMENT((#628));
#630=STYLED_ITEM('',(#629),#622);
#631=ADVANCED_FACE('',(#1497),#1499,.T.);
#632=COLOUR_RGB('',0.564705882352941,0.564705882352941,0.564705882352941);
#633=FILL_AREA_STYLE_COLOUR('',#632);
#634=FILL_AREA_STYLE($,(#633));
#635=SURFACE_STYLE_FILL_AREA(#634);
#636=SURFACE_SIDE_STYLE('',(#635));
#637=SURFACE_STYLE_USAGE(.BOTH.,#636);
#638=PRESENTATION_STYLE_ASSIGNMENT((#637));
#639=STYLED_ITEM('',(#638),#631);
#640=ADVANCED_FACE('',(#1504),#1506,.F.);
#641=COLOUR_RGB('',0.564705882352941,0.564705882352941,0.564705882352941);
#642=FILL_AREA_STYLE_COLOUR('',#641);
#643=FILL_AREA_STYLE($,(#642));
#644=SURFACE_STYLE_FILL_AREA(#643);
#645=SURFACE_SIDE_STYLE('',(#644));
#646=SURFACE_STYLE_USAGE(.BOTH.,#645);
#647=PRESENTATION_STYLE_ASSIGNMENT((#646));
#648=STYLED_ITEM('',(#647),#640);
#649=ADVANCED_FACE('',(#1511),#1513,.T.);
#650=COLOUR_RGB('',0.564705882352941,0.564705882352941,0.564705882352941);
#651=FILL_AREA_STYLE_COLOUR('',#650);
#652=FILL_AREA_STYLE($,(#651));
#653=SURFACE_STYLE_FILL_AREA(#652);
#654=SURFACE_SIDE_STYLE('',(#653));
#655=SURFACE_STYLE_USAGE(.BOTH.,#654);
#656=PRESENTATION_STYLE_ASSIGNMENT((#655));
#657=STYLED_ITEM('',(#656),#649);
#658=ADVANCED_FACE('',(#1518),#1520,.F.);
#659=COLOUR_RGB('',0.564705882352941,0.564705882352941,0.564705882352941);
#660=FILL_AREA_STYLE_COLOUR('',#659);
#661=FILL_AREA_STYLE($,(#660));
#662=SURFACE_STYLE_FILL_AREA(#661);
#663=SURFACE_SIDE_STYLE('',(#662));
#664=SURFACE_STYLE_USAGE(.BOTH.,#663);
#665=PRESENTATION_STYLE_ASSIGNMENT((#664));
#666=STYLED_ITEM('',(#665),#658);
#667=ADVANCED_FACE('',(#1525),#1527,.F.);
#668=COLOUR_RGB('',0.564705882352941,0.564705882352941,0.564705882352941);
#669=FILL_AREA_STYLE_COLOUR('',#668);
#670=FILL_AREA_STYLE($,(#669));
#671=SURFACE_STYLE_FILL_AREA(#670);
#672=SURFACE_SIDE_STYLE('',(#671));
#673=SURFACE_STYLE_USAGE(.BOTH.,#672);
#674=PRESENTATION_STYLE_ASSIGNMENT((#673));
#675=STYLED_ITEM('',(#674),#667);
#676=ADVANCED_FACE('',(#1532),#1534,.T.);
#677=COLOUR_RGB('',0.564705882352941,0.564705882352941,0.564705882352941);
#678=FILL_AREA_STYLE_COLOUR('',#677);
#679=FILL_AREA_STYLE($,(#678));
#680=SURFACE_STYLE_FILL_AREA(#679);
#681=SURFACE_SIDE_STYLE('',(#680));
#682=SURFACE_STYLE_USAGE(.BOTH.,#681);
#683=PRESENTATION_STYLE_ASSIGNMENT((#682));
#684=STYLED_ITEM('',(#683),#676);
#685=ADVANCED_FACE('',(#1539),#1541,.F.);
#686=COLOUR_RGB('',0.564705882352941,0.564705882352941,0.564705882352941);
#687=FILL_AREA_STYLE_COLOUR('',#686);
#688=FILL_AREA_STYLE($,(#687));
#689=SURFACE_STYLE_FILL_AREA(#688);
#690=SURFACE_SIDE_STYLE('',(#689));
#691=SURFACE_STYLE_USAGE(.BOTH.,#690);
#692=PRESENTATION_STYLE_ASSIGNMENT((#691));
#693=STYLED_ITEM('',(#692),#685);
#694=ADVANCED_FACE('',(#1546),#1548,.T.);
#695=COLOUR_RGB('',0.564705882352941,0.564705882352941,0.564705882352941);
#696=FILL_AREA_STYLE_COLOUR('',#695);
#697=FILL_AREA_STYLE($,(#696));
#698=SURFACE_STYLE_FILL_AREA(#697);
#699=SURFACE_SIDE_STYLE('',(#698));
#700=SURFACE_STYLE_USAGE(.BOTH.,#699);
#701=PRESENTATION_STYLE_ASSIGNMENT((#700));
#702=STYLED_ITEM('',(#701),#694);
#703=ADVANCED_FACE('',(#1553),#1555,.F.);
#704=COLOUR_RGB('',0.564705882352941,0.564705882352941,0.564705882352941);
#705=FILL_AREA_STYLE_COLOUR('',#704);
#706=FILL_AREA_STYLE($,(#705));
#707=SURFACE_STYLE_FILL_AREA(#706);
#708=SURFACE_SIDE_STYLE('',(#707));
#709=SURFACE_STYLE_USAGE(.BOTH.,#708);
#710=PRESENTATION_STYLE_ASSIGNMENT((#709));
#711=STYLED_ITEM('',(#710),#703);
#712=ADVANCED_FACE('',(#1560),#1562,.F.);
#713=COLOUR_RGB('',0.564705882352941,0.564705882352941,0.564705882352941);
#714=FILL_AREA_STYLE_COLOUR('',#713);
#715=FILL_AREA_STYLE($,(#714));
#716=SURFACE_STYLE_FILL_AREA(#715);
#717=SURFACE_SIDE_STYLE('',(#716));
#718=SURFACE_STYLE_USAGE(.BOTH.,#717);
#719=PRESENTATION_STYLE_ASSIGNMENT((#718));
#720=STYLED_ITEM('',(#719),#712);
#721=ADVANCED_FACE('',(#1567),#1569,.F.);
#722=COLOUR_RGB('',0.564705882352941,0.564705882352941,0.564705882352941);
#723=FILL_AREA_STYLE_COLOUR('',#722);
#724=FILL_AREA_STYLE($,(#723));
#725=SURFACE_STYLE_FILL_AREA(#724);
#726=SURFACE_SIDE_STYLE('',(#725));
#727=SURFACE_STYLE_USAGE(.BOTH.,#726);
#728=PRESENTATION_STYLE_ASSIGNMENT((#727));
#729=STYLED_ITEM('',(#728),#721);
#730=ADVANCED_FACE('',(#1574),#1576,.F.);
#731=COLOUR_RGB('',0.564705882352941,0.564705882352941,0.564705882352941);
#732=FILL_AREA_STYLE_COLOUR('',#731);
#733=FILL_AREA_STYLE($,(#732));
#734=SURFACE_STYLE_FILL_AREA(#733);
#735=SURFACE_SIDE_STYLE('',(#734));
#736=SURFACE_STYLE_USAGE(.BOTH.,#735);
#737=PRESENTATION_STYLE_ASSIGNMENT((#736));
#738=STYLED_ITEM('',(#737),#730);
#739=ADVANCED_FACE('',(#1581),#1583,.F.);
#740=COLOUR_RGB('',0.564705882352941,0.564705882352941,0.564705882352941);
#741=FILL_AREA_STYLE_COLOUR('',#740);
#742=FILL_AREA_STYLE($,(#741));
#743=SURFACE_STYLE_FILL_AREA(#742);
#744=SURFACE_SIDE_STYLE('',(#743));
#745=SURFACE_STYLE_USAGE(.BOTH.,#744);
#746=PRESENTATION_STYLE_ASSIGNMENT((#745));
#747=STYLED_ITEM('',(#746),#739);
#748=ADVANCED_FACE('',(#1588),#1590,.F.);
#749=COLOUR_RGB('',0.564705882352941,0.564705882352941,0.564705882352941);
#750=FILL_AREA_STYLE_COLOUR('',#749);
#751=FILL_AREA_STYLE($,(#750));
#752=SURFACE_STYLE_FILL_AREA(#751);
#753=SURFACE_SIDE_STYLE('',(#752));
#754=SURFACE_STYLE_USAGE(.BOTH.,#753);
#755=PRESENTATION_STYLE_ASSIGNMENT((#754));
#756=STYLED_ITEM('',(#755),#748);
#757=ADVANCED_FACE('',(#1595),#1597,.T.);
#758=COLOUR_RGB('',0.564705882352941,0.564705882352941,0.564705882352941);
#759=FILL_AREA_STYLE_COLOUR('',#758);
#760=FILL_AREA_STYLE($,(#759));
#761=SURFACE_STYLE_FILL_AREA(#760);
#762=SURFACE_SIDE_STYLE('',(#761));
#763=SURFACE_STYLE_USAGE(.BOTH.,#762);
#764=PRESENTATION_STYLE_ASSIGNMENT((#763));
#765=STYLED_ITEM('',(#764),#757);
#766=ADVANCED_FACE('',(#1602),#1604,.F.);
#767=COLOUR_RGB('',0.564705882352941,0.564705882352941,0.564705882352941);
#768=FILL_AREA_STYLE_COLOUR('',#767);
#769=FILL_AREA_STYLE($,(#768));
#770=SURFACE_STYLE_FILL_AREA(#769);
#771=SURFACE_SIDE_STYLE('',(#770));
#772=SURFACE_STYLE_USAGE(.BOTH.,#771);
#773=PRESENTATION_STYLE_ASSIGNMENT((#772));
#774=STYLED_ITEM('',(#773),#766);
#775=ADVANCED_FACE('',(#1609),#1611,.F.);
#776=COLOUR_RGB('',0.564705882352941,0.564705882352941,0.564705882352941);
#777=FILL_AREA_STYLE_COLOUR('',#776);
#778=FILL_AREA_STYLE($,(#777));
#779=SURFACE_STYLE_FILL_AREA(#778);
#780=SURFACE_SIDE_STYLE('',(#779));
#781=SURFACE_STYLE_USAGE(.BOTH.,#780);
#782=PRESENTATION_STYLE_ASSIGNMENT((#781));
#783=STYLED_ITEM('',(#782),#775);
#784=ADVANCED_FACE('',(#1616),#1618,.F.);
#785=COLOUR_RGB('',0.564705882352941,0.564705882352941,0.564705882352941);
#786=FILL_AREA_STYLE_COLOUR('',#785);
#787=FILL_AREA_STYLE($,(#786));
#788=SURFACE_STYLE_FILL_AREA(#787);
#789=SURFACE_SIDE_STYLE('',(#788));
#790=SURFACE_STYLE_USAGE(.BOTH.,#789);
#791=PRESENTATION_STYLE_ASSIGNMENT((#790));
#792=STYLED_ITEM('',(#791),#784);
#793=ADVANCED_FACE('',(#1623),#1625,.T.);
#794=COLOUR_RGB('',0.564705882352941,0.564705882352941,0.564705882352941);
#795=FILL_AREA_STYLE_COLOUR('',#794);
#796=FILL_AREA_STYLE($,(#795));
#797=SURFACE_STYLE_FILL_AREA(#796);
#798=SURFACE_SIDE_STYLE('',(#797));
#799=SURFACE_STYLE_USAGE(.BOTH.,#798);
#800=PRESENTATION_STYLE_ASSIGNMENT((#799));
#801=STYLED_ITEM('',(#800),#793);
#802=ADVANCED_FACE('',(#1630),#1632,.T.);
#803=COLOUR_RGB('',0.564705882352941,0.564705882352941,0.564705882352941);
#804=FILL_AREA_STYLE_COLOUR('',#803);
#805=FILL_AREA_STYLE($,(#804));
#806=SURFACE_STYLE_FILL_AREA(#805);
#807=SURFACE_SIDE_STYLE('',(#806));
#808=SURFACE_STYLE_USAGE(.BOTH.,#807);
#809=PRESENTATION_STYLE_ASSIGNMENT((#808));
#810=STYLED_ITEM('',(#809),#802);
#811=ADVANCED_FACE('',(#1637),#1639,.T.);
#812=COLOUR_RGB('',0.564705882352941,0.564705882352941,0.564705882352941);
#813=FILL_AREA_STYLE_COLOUR('',#812);
#814=FILL_AREA_STYLE($,(#813));
#815=SURFACE_STYLE_FILL_AREA(#814);
#816=SURFACE_SIDE_STYLE('',(#815));
#817=SURFACE_STYLE_USAGE(.BOTH.,#816);
#818=PRESENTATION_STYLE_ASSIGNMENT((#817));
#819=STYLED_ITEM('',(#818),#811);
#820=ADVANCED_FACE('',(#1644),#1646,.T.);
#821=COLOUR_RGB('',0.564705882352941,0.564705882352941,0.564705882352941);
#822=FILL_AREA_STYLE_COLOUR('',#821);
#823=FILL_AREA_STYLE($,(#822));
#824=SURFACE_STYLE_FILL_AREA(#823);
#825=SURFACE_SIDE_STYLE('',(#824));
#826=SURFACE_STYLE_USAGE(.BOTH.,#825);
#827=PRESENTATION_STYLE_ASSIGNMENT((#826));
#828=STYLED_ITEM('',(#827),#820);
#829=ADVANCED_FACE('',(#1651),#1653,.F.);
#830=COLOUR_RGB('',0.564705882352941,0.564705882352941,0.564705882352941);
#831=FILL_AREA_STYLE_COLOUR('',#830);
#832=FILL_AREA_STYLE($,(#831));
#833=SURFACE_STYLE_FILL_AREA(#832);
#834=SURFACE_SIDE_STYLE('',(#833));
#835=SURFACE_STYLE_USAGE(.BOTH.,#834);
#836=PRESENTATION_STYLE_ASSIGNMENT((#835));
#837=STYLED_ITEM('',(#836),#829);
#838=ADVANCED_FACE('',(#1658),#1660,.T.);
#839=COLOUR_RGB('',0.564705882352941,0.564705882352941,0.564705882352941);
#840=FILL_AREA_STYLE_COLOUR('',#839);
#841=FILL_AREA_STYLE($,(#840));
#842=SURFACE_STYLE_FILL_AREA(#841);
#843=SURFACE_SIDE_STYLE('',(#842));
#844=SURFACE_STYLE_USAGE(.BOTH.,#843);
#845=PRESENTATION_STYLE_ASSIGNMENT((#844));
#846=STYLED_ITEM('',(#845),#838);
#847=ADVANCED_FACE('',(#1665),#1667,.F.);
#848=COLOUR_RGB('',0.564705882352941,0.564705882352941,0.564705882352941);
#849=FILL_AREA_STYLE_COLOUR('',#848);
#850=FILL_AREA_STYLE($,(#849));
#851=SURFACE_STYLE_FILL_AREA(#850);
#852=SURFACE_SIDE_STYLE('',(#851));
#853=SURFACE_STYLE_USAGE(.BOTH.,#852);
#854=PRESENTATION_STYLE_ASSIGNMENT((#853));
#855=STYLED_ITEM('',(#854),#847);
#856=ADVANCED_FACE('',(#1672),#1674,.T.);
#857=COLOUR_RGB('',0.564705882352941,0.564705882352941,0.564705882352941);
#858=FILL_AREA_STYLE_COLOUR('',#857);
#859=FILL_AREA_STYLE($,(#858));
#860=SURFACE_STYLE_FILL_AREA(#859);
#861=SURFACE_SIDE_STYLE('',(#860));
#862=SURFACE_STYLE_USAGE(.BOTH.,#861);
#863=PRESENTATION_STYLE_ASSIGNMENT((#862));
#864=STYLED_ITEM('',(#863),#856);
#865=ADVANCED_FACE('',(#1679),#1681,.F.);
#866=COLOUR_RGB('',0.564705882352941,0.564705882352941,0.564705882352941);
#867=FILL_AREA_STYLE_COLOUR('',#866);
#868=FILL_AREA_STYLE($,(#867));
#869=SURFACE_STYLE_FILL_AREA(#868);
#870=SURFACE_SIDE_STYLE('',(#869));
#871=SURFACE_STYLE_USAGE(.BOTH.,#870);
#872=PRESENTATION_STYLE_ASSIGNMENT((#871));
#873=STYLED_ITEM('',(#872),#865);
#874=ADVANCED_FACE('',(#1686),#1688,.F.);
#875=COLOUR_RGB('',0.564705882352941,0.564705882352941,0.564705882352941);
#876=FILL_AREA_STYLE_COLOUR('',#875);
#877=FILL_AREA_STYLE($,(#876));
#878=SURFACE_STYLE_FILL_AREA(#877);
#879=SURFACE_SIDE_STYLE('',(#878));
#880=SURFACE_STYLE_USAGE(.BOTH.,#879);
#881=PRESENTATION_STYLE_ASSIGNMENT((#880));
#882=STYLED_ITEM('',(#881),#874);
#883=ADVANCED_FACE('',(#1693),#1695,.T.);
#884=COLOUR_RGB('',0.564705882352941,0.564705882352941,0.564705882352941);
#885=FILL_AREA_STYLE_COLOUR('',#884);
#886=FILL_AREA_STYLE($,(#885));
#887=SURFACE_STYLE_FILL_AREA(#886);
#888=SURFACE_SIDE_STYLE('',(#887));
#889=SURFACE_STYLE_USAGE(.BOTH.,#888);
#890=PRESENTATION_STYLE_ASSIGNMENT((#889));
#891=STYLED_ITEM('',(#890),#883);
#892=ADVANCED_FACE('',(#1700),#1702,.F.);
#893=COLOUR_RGB('',0.564705882352941,0.564705882352941,0.564705882352941);
#894=FILL_AREA_STYLE_COLOUR('',#893);
#895=FILL_AREA_STYLE($,(#894));
#896=SURFACE_STYLE_FILL_AREA(#895);
#897=SURFACE_SIDE_STYLE('',(#896));
#898=SURFACE_STYLE_USAGE(.BOTH.,#897);
#899=PRESENTATION_STYLE_ASSIGNMENT((#898));
#900=STYLED_ITEM('',(#899),#892);
#901=ADVANCED_FACE('',(#1707),#1709,.F.);
#902=COLOUR_RGB('',0.564705882352941,0.564705882352941,0.564705882352941);
#903=FILL_AREA_STYLE_COLOUR('',#902);
#904=FILL_AREA_STYLE($,(#903));
#905=SURFACE_STYLE_FILL_AREA(#904);
#906=SURFACE_SIDE_STYLE('',(#905));
#907=SURFACE_STYLE_USAGE(.BOTH.,#906);
#908=PRESENTATION_STYLE_ASSIGNMENT((#907));
#909=STYLED_ITEM('',(#908),#901);
#910=ADVANCED_FACE('',(#1714),#1716,.T.);
#911=COLOUR_RGB('',0.564705882352941,0.564705882352941,0.564705882352941);
#912=FILL_AREA_STYLE_COLOUR('',#911);
#913=FILL_AREA_STYLE($,(#912));
#914=SURFACE_STYLE_FILL_AREA(#913);
#915=SURFACE_SIDE_STYLE('',(#914));
#916=SURFACE_STYLE_USAGE(.BOTH.,#915);
#917=PRESENTATION_STYLE_ASSIGNMENT((#916));
#918=STYLED_ITEM('',(#917),#910);
#919=ADVANCED_FACE('',(#1721),#1723,.T.);
#920=COLOUR_RGB('',0.564705882352941,0.564705882352941,0.564705882352941);
#921=FILL_AREA_STYLE_COLOUR('',#920);
#922=FILL_AREA_STYLE($,(#921));
#923=SURFACE_STYLE_FILL_AREA(#922);
#924=SURFACE_SIDE_STYLE('',(#923));
#925=SURFACE_STYLE_USAGE(.BOTH.,#924);
#926=PRESENTATION_STYLE_ASSIGNMENT((#925));
#927=STYLED_ITEM('',(#926),#919);
#928=ADVANCED_FACE('',(#1728),#1730,.F.);
#929=COLOUR_RGB('',0.564705882352941,0.564705882352941,0.564705882352941);
#930=FILL_AREA_STYLE_COLOUR('',#929);
#931=FILL_AREA_STYLE($,(#930));
#932=SURFACE_STYLE_FILL_AREA(#931);
#933=SURFACE_SIDE_STYLE('',(#932));
#934=SURFACE_STYLE_USAGE(.BOTH.,#933);
#935=PRESENTATION_STYLE_ASSIGNMENT((#934));
#936=STYLED_ITEM('',(#935),#928);
#937=ADVANCED_FACE('',(#1735,#1737),#1739,.T.);
#938=COLOUR_RGB('',0.564705882352941,0.564705882352941,0.564705882352941);
#939=FILL_AREA_STYLE_COLOUR('',#938);
#940=FILL_AREA_STYLE($,(#939));
#941=SURFACE_STYLE_FILL_AREA(#940);
#942=SURFACE_SIDE_STYLE('',(#941));
#943=SURFACE_STYLE_USAGE(.BOTH.,#942);
#944=PRESENTATION_STYLE_ASSIGNMENT((#943));
#945=STYLED_ITEM('',(#944),#937);
#946=ADVANCED_FACE('',(#1744,#1746),#1748,.F.);
#947=COLOUR_RGB('',0.564705882352941,0.564705882352941,0.564705882352941);
#948=FILL_AREA_STYLE_COLOUR('',#947);
#949=FILL_AREA_STYLE($,(#948));
#950=SURFACE_STYLE_FILL_AREA(#949);
#951=SURFACE_SIDE_STYLE('',(#950));
#952=SURFACE_STYLE_USAGE(.BOTH.,#951);
#953=PRESENTATION_STYLE_ASSIGNMENT((#952));
#954=STYLED_ITEM('',(#953),#946);
#955=ADVANCED_FACE('',(#1753),#1755,.T.);
#956=COLOUR_RGB('',0.564705882352941,0.564705882352941,0.564705882352941);
#957=FILL_AREA_STYLE_COLOUR('',#956);
#958=FILL_AREA_STYLE($,(#957));
#959=SURFACE_STYLE_FILL_AREA(#958);
#960=SURFACE_SIDE_STYLE('',(#959));
#961=SURFACE_STYLE_USAGE(.BOTH.,#960);
#962=PRESENTATION_STYLE_ASSIGNMENT((#961));
#963=STYLED_ITEM('',(#962),#955);
#964=ADVANCED_FACE('',(#1760),#1762,.T.);
#965=COLOUR_RGB('',0.564705882352941,0.564705882352941,0.564705882352941);
#966=FILL_AREA_STYLE_COLOUR('',#965);
#967=FILL_AREA_STYLE($,(#966));
#968=SURFACE_STYLE_FILL_AREA(#967);
#969=SURFACE_SIDE_STYLE('',(#968));
#970=SURFACE_STYLE_USAGE(.BOTH.,#969);
#971=PRESENTATION_STYLE_ASSIGNMENT((#970));
#972=STYLED_ITEM('',(#971),#964);
#973=ADVANCED_FACE('',(#1767),#1769,.T.);
#974=COLOUR_RGB('',0.564705882352941,0.564705882352941,0.564705882352941);
#975=FILL_AREA_STYLE_COLOUR('',#974);
#976=FILL_AREA_STYLE($,(#975));
#977=SURFACE_STYLE_FILL_AREA(#976);
#978=SURFACE_SIDE_STYLE('',(#977));
#979=SURFACE_STYLE_USAGE(.BOTH.,#978);
#980=PRESENTATION_STYLE_ASSIGNMENT((#979));
#981=STYLED_ITEM('',(#980),#973);
#982=ADVANCED_FACE('',(#1774),#1776,.T.);
#983=COLOUR_RGB('',0.564705882352941,0.564705882352941,0.564705882352941);
#984=FILL_AREA_STYLE_COLOUR('',#983);
#985=FILL_AREA_STYLE($,(#984));
#986=SURFACE_STYLE_FILL_AREA(#985);
#987=SURFACE_SIDE_STYLE('',(#986));
#988=SURFACE_STYLE_USAGE(.BOTH.,#987);
#989=PRESENTATION_STYLE_ASSIGNMENT((#988));
#990=STYLED_ITEM('',(#989),#982);
#991=ADVANCED_FACE('',(#1781),#1783,.F.);
#992=COLOUR_RGB('',0.564705882352941,0.564705882352941,0.564705882352941);
#993=FILL_AREA_STYLE_COLOUR('',#992);
#994=FILL_AREA_STYLE($,(#993));
#995=SURFACE_STYLE_FILL_AREA(#994);
#996=SURFACE_SIDE_STYLE('',(#995));
#997=SURFACE_STYLE_USAGE(.BOTH.,#996);
#998=PRESENTATION_STYLE_ASSIGNMENT((#997));
#999=STYLED_ITEM('',(#998),#991);
#1000=ADVANCED_FACE('',(#1788),#1790,.T.);
#1001=COLOUR_RGB('',0.564705882352941,0.564705882352941,0.564705882352941);
#1002=FILL_AREA_STYLE_COLOUR('',#1001);
#1003=FILL_AREA_STYLE($,(#1002));
#1004=SURFACE_STYLE_FILL_AREA(#1003);
#1005=SURFACE_SIDE_STYLE('',(#1004));
#1006=SURFACE_STYLE_USAGE(.BOTH.,#1005);
#1007=PRESENTATION_STYLE_ASSIGNMENT((#1006));
#1008=STYLED_ITEM('',(#1007),#1000);
#1009=ADVANCED_FACE('',(#1795),#1797,.F.);
#1010=COLOUR_RGB('',0.564705882352941,0.564705882352941,0.564705882352941);
#1011=FILL_AREA_STYLE_COLOUR('',#1010);
#1012=FILL_AREA_STYLE($,(#1011));
#1013=SURFACE_STYLE_FILL_AREA(#1012);
#1014=SURFACE_SIDE_STYLE('',(#1013));
#1015=SURFACE_STYLE_USAGE(.BOTH.,#1014);
#1016=PRESENTATION_STYLE_ASSIGNMENT((#1015));
#1017=STYLED_ITEM('',(#1016),#1009);
#1018=ADVANCED_FACE('',(#1802),#1804,.T.);
#1019=COLOUR_RGB('',0.564705882352941,0.564705882352941,0.564705882352941);
#1020=FILL_AREA_STYLE_COLOUR('',#1019);
#1021=FILL_AREA_STYLE($,(#1020));
#1022=SURFACE_STYLE_FILL_AREA(#1021);
#1023=SURFACE_SIDE_STYLE('',(#1022));
#1024=SURFACE_STYLE_USAGE(.BOTH.,#1023);
#1025=PRESENTATION_STYLE_ASSIGNMENT((#1024));
#1026=STYLED_ITEM('',(#1025),#1018);
#1027=ADVANCED_FACE('',(#1809,#1811),#1813,.T.);
#1028=COLOUR_RGB('',0.564705882352941,0.564705882352941,0.564705882352941);
#1029=FILL_AREA_STYLE_COLOUR('',#1028);
#1030=FILL_AREA_STYLE($,(#1029));
#1031=SURFACE_STYLE_FILL_AREA(#1030);
#1032=SURFACE_SIDE_STYLE('',(#1031));
#1033=SURFACE_STYLE_USAGE(.BOTH.,#1032);
#1034=PRESENTATION_STYLE_ASSIGNMENT((#1033));
#1035=STYLED_ITEM('',(#1034),#1027);
#1036=ADVANCED_FACE('',(#1818),#1820,.T.);
#1037=COLOUR_RGB('',0.564705882352941,0.564705882352941,0.564705882352941);
#1038=FILL_AREA_STYLE_COLOUR('',#1037);
#1039=FILL_AREA_STYLE($,(#1038));
#1040=SURFACE_STYLE_FILL_AREA(#1039);
#1041=SURFACE_SIDE_STYLE('',(#1040));
#1042=SURFACE_STYLE_USAGE(.BOTH.,#1041);
#1043=PRESENTATION_STYLE_ASSIGNMENT((#1042));
#1044=STYLED_ITEM('',(#1043),#1036);
#1045=ADVANCED_FACE('',(#1825,#1827),#1829,.F.);
#1046=COLOUR_RGB('',0.564705882352941,0.564705882352941,0.564705882352941);
#1047=FILL_AREA_STYLE_COLOUR('',#1046);
#1048=FILL_AREA_STYLE($,(#1047));
#1049=SURFACE_STYLE_FILL_AREA(#1048);
#1050=SURFACE_SIDE_STYLE('',(#1049));
#1051=SURFACE_STYLE_USAGE(.BOTH.,#1050);
#1052=PRESENTATION_STYLE_ASSIGNMENT((#1051));
#1053=STYLED_ITEM('',(#1052),#1045);
#1054=ADVANCED_FACE('',(#1834),#1836,.F.);
#1055=COLOUR_RGB('',0.564705882352941,0.564705882352941,0.564705882352941);
#1056=FILL_AREA_STYLE_COLOUR('',#1055);
#1057=FILL_AREA_STYLE($,(#1056));
#1058=SURFACE_STYLE_FILL_AREA(#1057);
#1059=SURFACE_SIDE_STYLE('',(#1058));
#1060=SURFACE_STYLE_USAGE(.BOTH.,#1059);
#1061=PRESENTATION_STYLE_ASSIGNMENT((#1060));
#1062=STYLED_ITEM('',(#1061),#1054);
#1063=FACE_BOUND('',#1064,.T.);
#1064=EDGE_LOOP('',(#1841,#1842,#1843,#1844,#1845,#1846));
#1065=PLANE('',#1066);
#1066=AXIS2_PLACEMENT_3D('',#1067,#1068,#1069);
#1067=CARTESIAN_POINT('',(-50.,48.,-41.5));
#1068=DIRECTION('',(0.,-1.,1.71215117050626E-16));
#1069=DIRECTION('',(1.,0.,0.));
#1070=FACE_BOUND('',#1071,.T.);
#1071=EDGE_LOOP('',(#1847,#1848,#1849,#1850,#1851,#1852));
#1072=PLANE('',#1073);
#1073=AXIS2_PLACEMENT_3D('',#1074,#1075,#1076);
#1074=CARTESIAN_POINT('',(44.,48.,-41.5));
#1075=DIRECTION('',(0.,-1.,1.71215117050627E-16));
#1076=DIRECTION('',(1.,0.,0.));
#1077=FACE_BOUND('',#1078,.T.);
#1078=EDGE_LOOP('',(#1853,#1854,#1855,#1856,#1857,#1858,#1859,#1860));
#1079=PLANE('',#1080);
#1080=AXIS2_PLACEMENT_3D('',#1081,#1082,#1083);
#1081=CARTESIAN_POINT('',(-44.,46.,-44.));
#1082=DIRECTION('',(1.,-1.54465812121761E-16,1.54465812121761E-16));
#1083=DIRECTION('',(-1.54465812121761E-16,1.71215117050627E-16,1.));
#1084=FACE_BOUND('',#1085,.T.);
#1085=EDGE_LOOP('',(#1861,#1862,#1863,#1864,#1865,#1866,#1867,#1868));
#1086=PLANE('',#1087);
#1087=AXIS2_PLACEMENT_3D('',#1088,#1089,#1090);
#1088=CARTESIAN_POINT('',(-50.,50.,-50.));
#1089=DIRECTION('',(-1.,0.,0.));
#1090=DIRECTION('',(0.,-1.,0.));
#1091=FACE_BOUND('',#1092,.T.);
#1092=EDGE_LOOP('',(#1869,#1870,#1871,#1872,#1873,#1874,#1875,#1876,#1877,#1878,
#1879,#1880,#1881,#1882,#1883,#1884));
#1093=PLANE('',#1094);
#1094=AXIS2_PLACEMENT_3D('',#1095,#1096,#1097);
#1095=CARTESIAN_POINT('',(-50.,-50.,-50.));
#1096=DIRECTION('',(0.,-1.,0.));
#1097=DIRECTION('',(1.,0.,0.));
#1098=FACE_BOUND('',#1099,.T.);
#1099=EDGE_LOOP('',(#1885,#1886,#1887,#1888,#1889,#1890,#1891,#1892));
#1100=PLANE('',#1101);
#1101=AXIS2_PLACEMENT_3D('',#1102,#1103,#1104);
#1102=CARTESIAN_POINT('',(50.,-50.,-50.));
#1103=DIRECTION('',(1.,0.,0.));
#1104=DIRECTION('',(0.,1.,0.));
#1105=FACE_BOUND('',#1106,.T.);
#1106=EDGE_LOOP('',(#1893,#1894,#1895,#1896,#1897,#1898,#1899,#1900));
#1107=PLANE('',#1108);
#1108=AXIS2_PLACEMENT_3D('',#1109,#1110,#1111);
#1109=CARTESIAN_POINT('',(44.,46.,-41.5));
#1110=DIRECTION('',(-1.,-5.52980262148354E-32,-3.22973970800046E-16));
#1111=DIRECTION('',(3.22973970800046E-16,-1.71215117050627E-16,-1.));
#1112=FACE_BOUND('',#1113,.T.);
#1113=EDGE_LOOP('',(#1901,#1902,#1903,#1904));
#1114=PLANE('',#1115);
#1115=AXIS2_PLACEMENT_3D('',#1116,#1117,#1118);
#1116=CARTESIAN_POINT('',(47.,-52.005,-1.5));
#1117=DIRECTION('',(2.22044604925031E-16,0.,1.));
#1118=DIRECTION('',(1.,0.,-2.22044604925031E-16));
#1119=FACE_BOUND('',#1120,.T.);
#1120=EDGE_LOOP('',(#1905,#1906,#1907,#1908));
#1121=PLANE('',#1122);
#1122=AXIS2_PLACEMENT_3D('',#1123,#1124,#1125);
#1123=CARTESIAN_POINT('',(47.,-52.005,1.5));
#1124=DIRECTION('',(1.,0.,0.));
#1125=DIRECTION('',(0.,0.,-1.));
#1126=FACE_BOUND('',#1127,.T.);
#1127=EDGE_LOOP('',(#1909,#1910,#1911,#1912));
#1128=PLANE('',#1129);
#1129=AXIS2_PLACEMENT_3D('',#1130,#1131,#1132);
#1130=CARTESIAN_POINT('',(-47.,-52.005,1.5));
#1131=DIRECTION('',(0.,0.,1.));
#1132=DIRECTION('',(1.,0.,0.));
#1133=FACE_BOUND('',#1134,.T.);
#1134=EDGE_LOOP('',(#1913,#1914,#1915,#1916));
#1135=PLANE('',#1136);
#1136=AXIS2_PLACEMENT_3D('',#1137,#1138,#1139);
#1137=CARTESIAN_POINT('',(-47.,-52.005,1.5));
#1138=DIRECTION('',(0.,0.,1.));
#1139=DIRECTION('',(1.,0.,0.));
#1140=FACE_BOUND('',#1141,.T.);
#1141=EDGE_LOOP('',(#1917,#1918,#1919,#1920));
#1142=PLANE('',#1143);
#1143=AXIS2_PLACEMENT_3D('',#1144,#1145,#1146);
#1144=CARTESIAN_POINT('',(-47.,-52.005,-1.5));
#1145=DIRECTION('',(-1.,0.,0.));
#1146=DIRECTION('',(0.,0.,1.));
#1147=FACE_BOUND('',#1148,.T.);
#1148=EDGE_LOOP('',(#1921,#1922,#1923,#1924));
#1149=PLANE('',#1150);
#1150=AXIS2_PLACEMENT_3D('',#1151,#1152,#1153);
#1151=CARTESIAN_POINT('',(-50.,-52.005,-1.5));
#1152=DIRECTION('',(0.,0.,1.));
#1153=DIRECTION('',(1.,0.,0.));
#1154=FACE_BOUND('',#1155,.T.);
#1155=EDGE_LOOP('',(#1925,#1926,#1927,#1928,#1929,#1930,#1931,#1932,#1933,#1934,
#1935,#1936));
#1156=PLANE('',#1157);
#1157=AXIS2_PLACEMENT_3D('',#1158,#1159,#1160);
#1158=CARTESIAN_POINT('',(-50.,-41.5,-41.5));
#1159=DIRECTION('',(0.,-6.4205668893985E-17,-1.));
#1160=DIRECTION('',(0.,1.,-6.4205668893985E-17));
#1161=FACE_BOUND('',#1162,.T.);
#1162=EDGE_LOOP('',(#1937,#1938,#1939,#1940));
#1163=PLANE('',#1164);
#1164=AXIS2_PLACEMENT_3D('',#1165,#1166,#1167);
#1165=CARTESIAN_POINT('',(46.,-56.,-41.5));
#1166=DIRECTION('',(0.,0.,-1.));
#1167=DIRECTION('',(-1.,0.,0.));
#1168=FACE_BOUND('',#1169,.T.);
#1169=EDGE_LOOP('',(#1941,#1942,#1943,#1944));
#1170=PLANE('',#1171);
#1171=AXIS2_PLACEMENT_3D('',#1172,#1173,#1174);
#1172=CARTESIAN_POINT('',(0.,-46.,7.87589538432882E-15));
#1173=DIRECTION('',(0.,1.,-1.71215117050627E-16));
#1174=DIRECTION('',(-1.,-2.09678045061689E-32,-1.22464679914735E-16));
#1175=FACE_BOUND('',#1176,.T.);
#1176=EDGE_LOOP('',(#1945,#1946,#1947,#1948));
#1177=PLANE('',#1178);
#1178=AXIS2_PLACEMENT_3D('',#1179,#1180,#1181);
#1179=CARTESIAN_POINT('',(50.,46.,-44.));
#1180=DIRECTION('',(-1.48029736616688E-16,-6.4205668893985E-17,-1.));
#1181=DIRECTION('',(0.,-1.,6.4205668893985E-17));
#1182=FACE_BOUND('',#1183,.T.);
#1183=EDGE_LOOP('',(#1949,#1950,#1951,#1952));
#1184=PLANE('',#1185);
#1185=AXIS2_PLACEMENT_3D('',#1186,#1187,#1188);
#1186=CARTESIAN_POINT('',(0.,46.,-7.87589538432882E-15));
#1187=DIRECTION('',(0.,-1.,1.71215117050627E-16));
#1188=DIRECTION('',(1.,0.,0.));
#1189=FACE_BOUND('',#1190,.T.);
#1190=EDGE_LOOP('',(#1953,#1954,#1955,#1956));
#1191=PLANE('',#1192);
#1192=AXIS2_PLACEMENT_3D('',#1193,#1194,#1195);
#1193=CARTESIAN_POINT('',(-50.,41.5,-41.5));
#1194=DIRECTION('',(0.,1.,-1.71215117050627E-16));
#1195=DIRECTION('',(0.,1.71215117050627E-16,1.));
#1196=FACE_BOUND('',#1197,.T.);
#1197=EDGE_LOOP('',(#1957,#1958,#1959,#1960,#1961,#1962,#1963,#1964,#1965,#1966,
#1967,#1968));
#1198=PLANE('',#1199);
#1199=AXIS2_PLACEMENT_3D('',#1200,#1201,#1202);
#1200=CARTESIAN_POINT('',(0.,0.,-50.));
#1201=DIRECTION('',(0.,0.,1.));
#1202=DIRECTION('',(1.,0.,0.));
#1203=FACE_BOUND('',#1204,.T.);
#1204=EDGE_LOOP('',(#1969,#1970,#1971,#1972));
#1205=PLANE('',#1206);
#1206=AXIS2_PLACEMENT_3D('',#1207,#1208,#1209);
#1207=CARTESIAN_POINT('',(-50.,-41.5,41.5));
#1208=DIRECTION('',(0.,-1.,1.71215117050627E-16));
#1209=DIRECTION('',(0.,-1.71215117050627E-16,-1.));
#1210=FACE_BOUND('',#1211,.T.);
#1211=EDGE_LOOP('',(#1973,#1974,#1975,#1976));
#1212=PLANE('',#1213);
#1213=AXIS2_PLACEMENT_3D('',#1214,#1215,#1216);
#1214=CARTESIAN_POINT('',(-50.,-41.5,-41.5));
#1215=DIRECTION('',(0.,-6.4205668893985E-17,-1.));
#1216=DIRECTION('',(0.,1.,-6.4205668893985E-17));
#1217=FACE_BOUND('',#1218,.T.);
#1218=EDGE_LOOP('',(#1977,#1978,#1979,#1980,#1981));
#1219=PLANE('',#1220);
#1220=AXIS2_PLACEMENT_3D('',#1221,#1222,#1223);
#1221=CARTESIAN_POINT('',(-55.75,-50.,-37.5));
#1222=DIRECTION('',(0.707106781186547,0.707106781186547,0.));
#1223=DIRECTION('',(0.,0.,-1.));
#1224=FACE_BOUND('',#1225,.T.);
#1225=EDGE_LOOP('',(#1982,#1983,#1984,#1985,#1986,#1987));
#1226=CYLINDRICAL_SURFACE('',#1227,1.);
#1227=AXIS2_PLACEMENT_3D('',#1228,#1229,#1230);
#1228=CARTESIAN_POINT('',(59.75,-49.,-49.));
#1229=DIRECTION('',(-1.,0.,0.));
#1230=DIRECTION('',(0.,-7.105427357601E-15,-1.));
#1231=FACE_BOUND('',#1232,.T.);
#1232=EDGE_LOOP('',(#1988,#1989,#1990,#1991,#1992));
#1233=PLANE('',#1234);
#1234=AXIS2_PLACEMENT_3D('',#1235,#1236,#1237);
#1235=CARTESIAN_POINT('',(56.75,-49.,-37.5));
#1236=DIRECTION('',(-0.707106781186553,0.707106781186542,0.));
#1237=DIRECTION('',(0.,0.,-1.));
#1238=FACE_BOUND('',#1239,.T.);
#1239=EDGE_LOOP('',(#1993,#1994,#1995,#1996));
#1240=PLANE('',#1241);
#1241=AXIS2_PLACEMENT_3D('',#1242,#1243,#1244);
#1242=CARTESIAN_POINT('',(-50.,-41.5,-41.5));
#1243=DIRECTION('',(0.,-6.4205668893985E-17,-1.));
#1244=DIRECTION('',(0.,1.,-6.4205668893985E-17));
#1245=FACE_BOUND('',#1246,.T.);
#1246=EDGE_LOOP('',(#1997,#1998,#1999,#2000));
#1247=PLANE('',#1248);
#1248=AXIS2_PLACEMENT_3D('',#1249,#1250,#1251);
#1249=CARTESIAN_POINT('',(-50.,-41.5,41.5));
#1250=DIRECTION('',(0.,-1.,1.71215117050627E-16));
#1251=DIRECTION('',(0.,-1.71215117050627E-16,-1.));
#1252=FACE_BOUND('',#1253,.T.);
#1253=EDGE_LOOP('',(#2001,#2002,#2003,#2004));
#1254=PLANE('',#1255);
#1255=AXIS2_PLACEMENT_3D('',#1256,#1257,#1258);
#1256=CARTESIAN_POINT('',(-50.,41.5,-41.5));
#1257=DIRECTION('',(0.,1.,-1.71215117050627E-16));
#1258=DIRECTION('',(0.,1.71215117050627E-16,1.));
#1259=FACE_BOUND('',#1260,.T.);
#1260=EDGE_LOOP('',(#2005,#2006,#2007,#2008));
#1261=PLANE('',#1262);
#1262=AXIS2_PLACEMENT_3D('',#1263,#1264,#1265);
#1263=CARTESIAN_POINT('',(56.75,54.,-42.5));
#1264=DIRECTION('',(-0.707106781186553,0.,-0.707106781186542));
#1265=DIRECTION('',(0.,-1.,0.));
#1266=FACE_BOUND('',#1267,.T.);
#1267=EDGE_LOOP('',(#2009,#2010,#2011,#2012));
#1268=PLANE('',#1269);
#1269=AXIS2_PLACEMENT_3D('',#1270,#1271,#1272);
#1270=CARTESIAN_POINT('',(50.,50.,-50.));
#1271=DIRECTION('',(0.,1.,0.));
#1272=DIRECTION('',(-1.,0.,0.));
#1273=FACE_BOUND('',#1274,.T.);
#1274=EDGE_LOOP('',(#2013,#2014,#2015,#2016));
#1275=PLANE('',#1276);
#1276=AXIS2_PLACEMENT_3D('',#1277,#1278,#1279);
#1277=CARTESIAN_POINT('',(-56.75,37.5,-42.5));
#1278=DIRECTION('',(0.707106781186547,0.,-0.707106781186547));
#1279=DIRECTION('',(0.,1.,0.));
#1280=FACE_BOUND('',#1281,.T.);
#1281=EDGE_LOOP('',(#2017,#2018,#2019,#2020));
#1282=PLANE('',#1283);
#1283=AXIS2_PLACEMENT_3D('',#1284,#1285,#1286);
#1284=CARTESIAN_POINT('',(-55.75,41.5,-37.5));
#1285=DIRECTION('',(0.707106781186547,0.707106781186547,0.));
#1286=DIRECTION('',(0.,0.,-1.));
#1287=FACE_BOUND('',#1288,.T.);
#1288=EDGE_LOOP('',(#2021,#2022,#2023,#2024,#2025,#2026));
#1289=CYLINDRICAL_SURFACE('',#1290,1.);
#1290=AXIS2_PLACEMENT_3D('',#1291,#1292,#1293);
#1291=CARTESIAN_POINT('',(-59.75,49.,-49.));
#1292=DIRECTION('',(1.,0.,0.));
#1293=DIRECTION('',(0.,7.105427357601E-15,-1.));
#1294=FACE_BOUND('',#1295,.T.);
#1295=EDGE_LOOP('',(#2027,#2028,#2029,#2030,#2031));
#1296=PLANE('',#1297);
#1297=AXIS2_PLACEMENT_3D('',#1298,#1299,#1300);
#1298=CARTESIAN_POINT('',(56.75,54.,-49.));
#1299=DIRECTION('',(0.707106781186547,0.,-0.707106781186547));
#1300=DIRECTION('',(0.,-1.,0.));
#1301=FACE_BOUND('',#1302,.T.);
#1302=EDGE_LOOP('',(#2032,#2033,#2034,#2035,#2036));
#1303=PLANE('',#1304);
#1304=AXIS2_PLACEMENT_3D('',#1305,#1306,#1307);
#1305=CARTESIAN_POINT('',(56.75,-37.5,-49.));
#1306=DIRECTION('',(0.707106781186547,0.,-0.707106781186547));
#1307=DIRECTION('',(0.,-1.,0.));
#1308=FACE_BOUND('',#1309,.T.);
#1309=EDGE_LOOP('',(#2037,#2038,#2039,#2040,#2041));
#1310=PLANE('',#1311);
#1311=AXIS2_PLACEMENT_3D('',#1312,#1313,#1314);
#1312=CARTESIAN_POINT('',(-56.75,-54.,-49.));
#1313=DIRECTION('',(-0.707106781186547,0.,-0.707106781186547));
#1314=DIRECTION('',(0.,1.,0.));
#1315=FACE_BOUND('',#1316,.T.);
#1316=EDGE_LOOP('',(#2042,#2043,#2044,#2045,#2046));
#1317=PLANE('',#1318);
#1318=AXIS2_PLACEMENT_3D('',#1319,#1320,#1321);
#1319=CARTESIAN_POINT('',(-56.75,37.5,-49.));
#1320=DIRECTION('',(-0.707106781186547,0.,-0.707106781186547));
#1321=DIRECTION('',(0.,1.,0.));
#1322=FACE_BOUND('',#1323,.T.);
#1323=EDGE_LOOP('',(#2047,#2048,#2049,#2050));
#1324=PLANE('',#1325);
#1325=AXIS2_PLACEMENT_3D('',#1326,#1327,#1328);
#1326=CARTESIAN_POINT('',(-56.75,-42.5,-37.5));
#1327=DIRECTION('',(0.707106781186547,-0.707106781186547,0.));
#1328=DIRECTION('',(0.,0.,-1.));
#1329=FACE_BOUND('',#1330,.T.);
#1330=EDGE_LOOP('',(#2051,#2052,#2053,#2054));
#1331=PLANE('',#1332);
#1332=AXIS2_PLACEMENT_3D('',#1333,#1334,#1335);
#1333=CARTESIAN_POINT('',(-56.75,-54.,-42.5));
#1334=DIRECTION('',(0.707106781186547,0.,-0.707106781186547));
#1335=DIRECTION('',(0.,1.,0.));
#1336=FACE_BOUND('',#1337,.T.);
#1337=EDGE_LOOP('',(#2055,#2056,#2057,#2058));
#1338=PLANE('',#1339);
#1339=AXIS2_PLACEMENT_3D('',#1340,#1341,#1342);
#1340=CARTESIAN_POINT('',(-56.75,-50.,-41.5));
#1341=DIRECTION('',(-1.,0.,0.));
#1342=DIRECTION('',(0.,1.,0.));
#1343=FACE_BOUND('',#1344,.T.);
#1344=EDGE_LOOP('',(#2059,#2060,#2061,#2062));
#1345=PLANE('',#1346);
#1346=AXIS2_PLACEMENT_3D('',#1347,#1348,#1349);
#1347=CARTESIAN_POINT('',(56.75,-41.5,-41.5));
#1348=DIRECTION('',(1.,0.,0.));
#1349=DIRECTION('',(0.,-1.,0.));
#1350=FACE_BOUND('',#1351,.T.);
#1351=EDGE_LOOP('',(#2063,#2064,#2065,#2066));
#1352=PLANE('',#1353);
#1353=AXIS2_PLACEMENT_3D('',#1354,#1355,#1356);
#1354=CARTESIAN_POINT('',(56.75,-37.5,-42.5));
#1355=DIRECTION('',(-0.707106781186553,0.,-0.707106781186542));
#1356=DIRECTION('',(0.,-1.,0.));
#1357=FACE_BOUND('',#1358,.T.);
#1358=EDGE_LOOP('',(#2067,#2068,#2069,#2070));
#1359=PLANE('',#1360);
#1360=AXIS2_PLACEMENT_3D('',#1361,#1362,#1363);
#1361=CARTESIAN_POINT('',(55.75,-41.5,-37.5));
#1362=DIRECTION('',(-0.707106781186553,-0.707106781186542,6.09005559731893E-16));
#1363=DIRECTION('',(-8.61263922133455E-16,0.,-1.));
#1364=FACE_BOUND('',#1365,.T.);
#1365=EDGE_LOOP('',(#2071,#2072,#2073,#2074));
#1366=PLANE('',#1367);
#1367=AXIS2_PLACEMENT_3D('',#1368,#1369,#1370);
#1368=CARTESIAN_POINT('',(56.75,42.5,-37.5));
#1369=DIRECTION('',(-0.707106781186553,0.707106781186542,0.));
#1370=DIRECTION('',(0.,0.,-1.));
#1371=FACE_BOUND('',#1372,.T.);
#1372=EDGE_LOOP('',(#2075,#2076,#2077,#2078));
#1373=PLANE('',#1374);
#1374=AXIS2_PLACEMENT_3D('',#1375,#1376,#1377);
#1375=CARTESIAN_POINT('',(56.75,50.,-41.5));
#1376=DIRECTION('',(1.,0.,0.));
#1377=DIRECTION('',(0.,-1.,0.));
#1378=FACE_BOUND('',#1379,.T.);
#1379=EDGE_LOOP('',(#2079,#2080,#2081,#2082,#2083));
#1380=PLANE('',#1381);
#1381=AXIS2_PLACEMENT_3D('',#1382,#1383,#1384);
#1382=CARTESIAN_POINT('',(55.75,50.,-37.5));
#1383=DIRECTION('',(-0.707106781186547,-0.707106781186547,0.));
#1384=DIRECTION('',(0.,0.,-1.));
#1385=FACE_BOUND('',#1386,.T.);
#1386=EDGE_LOOP('',(#2084,#2085,#2086,#2087,#2088));
#1387=PLANE('',#1388);
#1388=AXIS2_PLACEMENT_3D('',#1389,#1390,#1391);
#1389=CARTESIAN_POINT('',(-56.75,49.,-37.5));
#1390=DIRECTION('',(0.707106781186553,-0.707106781186542,0.));
#1391=DIRECTION('',(0.,0.,-1.));
#1392=FACE_BOUND('',#1393,.T.);
#1393=EDGE_LOOP('',(#2089,#2090,#2091,#2092));
#1394=PLANE('',#1395);
#1395=AXIS2_PLACEMENT_3D('',#1396,#1397,#1398);
#1396=CARTESIAN_POINT('',(-56.75,41.5,-41.5));
#1397=DIRECTION('',(-1.,0.,0.));
#1398=DIRECTION('',(0.,1.,0.));
#1399=FACE_BOUND('',#1400,.T.);
#1400=EDGE_LOOP('',(#2093,#2094,#2095,#2096,#2097,#2098));
#1401=PLANE('',#1402);
#1402=AXIS2_PLACEMENT_3D('',#1403,#1404,#1405);
#1403=CARTESIAN_POINT('',(-50.,48.,-41.5));
#1404=DIRECTION('',(0.,-1.,1.71215117050626E-16));
#1405=DIRECTION('',(1.,0.,0.));
#1406=FACE_BOUND('',#1407,.T.);
#1407=EDGE_LOOP('',(#2099,#2100,#2101,#2102));
#1408=PLANE('',#1409);
#1409=AXIS2_PLACEMENT_3D('',#1410,#1411,#1412);
#1410=CARTESIAN_POINT('',(-50.,-52.005,-1.5));
#1411=DIRECTION('',(0.,0.,1.));
#1412=DIRECTION('',(1.,0.,0.));
#1413=FACE_BOUND('',#1414,.T.);
#1414=EDGE_LOOP('',(#2103,#2104,#2105,#2106,#2107,#2108,#2109,#2110));
#1415=PLANE('',#1416);
#1416=AXIS2_PLACEMENT_3D('',#1417,#1418,#1419);
#1417=CARTESIAN_POINT('',(-50.,50.,-50.));
#1418=DIRECTION('',(-1.,0.,0.));
#1419=DIRECTION('',(0.,-1.,0.));
#1420=FACE_BOUND('',#1421,.T.);
#1421=EDGE_LOOP('',(#2111,#2112,#2113,#2114,#2115,#2116,#2117,#2118,#2119,#2120,
#2121,#2122));
#1422=PLANE('',#1423);
#1423=AXIS2_PLACEMENT_3D('',#1424,#1425,#1426);
#1424=CARTESIAN_POINT('',(-50.,41.5,41.5));
#1425=DIRECTION('',(0.,0.,1.));
#1426=DIRECTION('',(0.,-1.,0.));
#1427=FACE_BOUND('',#1428,.T.);
#1428=EDGE_LOOP('',(#2123,#2124,#2125,#2126,#2127,#2128,#2129,#2130));
#1429=PLANE('',#1430);
#1430=AXIS2_PLACEMENT_3D('',#1431,#1432,#1433);
#1431=CARTESIAN_POINT('',(-44.,46.,-44.));
#1432=DIRECTION('',(1.,-1.54465812121761E-16,1.54465812121761E-16));
#1433=DIRECTION('',(-1.54465812121761E-16,1.71215117050627E-16,1.));
#1434=FACE_BOUND('',#1435,.T.);
#1435=EDGE_LOOP('',(#2131,#2132,#2133,#2134));
#1436=PLANE('',#1437);
#1437=AXIS2_PLACEMENT_3D('',#1438,#1439,#1440);
#1438=CARTESIAN_POINT('',(-47.,-52.005,1.5));
#1439=DIRECTION('',(0.,0.,1.));
#1440=DIRECTION('',(1.,0.,0.));
#1441=FACE_BOUND('',#1442,.T.);
#1442=EDGE_LOOP('',(#2135,#2136,#2137,#2138));
#1443=PLANE('',#1444);
#1444=AXIS2_PLACEMENT_3D('',#1445,#1446,#1447);
#1445=CARTESIAN_POINT('',(-47.,-52.005,-1.5));
#1446=DIRECTION('',(-1.,0.,0.));
#1447=DIRECTION('',(0.,0.,1.));
#1448=FACE_BOUND('',#1449,.T.);
#1449=EDGE_LOOP('',(#2139,#2140,#2141,#2142,#2143,#2144,#2145,#2146,#2147,#2148,
#2149,#2150,#2151,#2152,#2153,#2154));
#1450=PLANE('',#1451);
#1451=AXIS2_PLACEMENT_3D('',#1452,#1453,#1454);
#1452=CARTESIAN_POINT('',(-50.,-50.,-50.));
#1453=DIRECTION('',(0.,-1.,0.));
#1454=DIRECTION('',(1.,0.,0.));
#1455=FACE_BOUND('',#1456,.T.);
#1456=EDGE_LOOP('',(#2155,#2156,#2157,#2158));
#1457=PLANE('',#1458);
#1458=AXIS2_PLACEMENT_3D('',#1459,#1460,#1461);
#1459=CARTESIAN_POINT('',(-50.,41.5,41.5));
#1460=DIRECTION('',(0.,0.,1.));
#1461=DIRECTION('',(0.,-1.,0.));
#1462=FACE_BOUND('',#1463,.T.);
#1463=EDGE_LOOP('',(#2159,#2160,#2161,#2162));
#1464=PLANE('',#1465);
#1465=AXIS2_PLACEMENT_3D('',#1466,#1467,#1468);
#1466=CARTESIAN_POINT('',(-50.,-41.5,41.5));
#1467=DIRECTION('',(0.,-1.,1.71215117050627E-16));
#1468=DIRECTION('',(0.,-1.71215117050627E-16,-1.));
#1469=FACE_BOUND('',#1470,.T.);
#1470=EDGE_LOOP('',(#2163,#2164,#2165,#2166,#2167,#2168,#2169,#2170,#2171,#2172,
#2173,#2174));
#1471=PLANE('',#1472);
#1472=AXIS2_PLACEMENT_3D('',#1473,#1474,#1475);
#1473=CARTESIAN_POINT('',(0.,0.,50.));
#1474=DIRECTION('',(0.,0.,1.));
#1475=DIRECTION('',(1.,0.,0.));
#1476=FACE_BOUND('',#1477,.T.);
#1477=EDGE_LOOP('',(#2175,#2176,#2177,#2178));
#1478=PLANE('',#1479);
#1479=AXIS2_PLACEMENT_3D('',#1480,#1481,#1482);
#1480=CARTESIAN_POINT('',(-50.,41.5,-41.5));
#1481=DIRECTION('',(0.,1.,-1.71215117050627E-16));
#1482=DIRECTION('',(0.,1.71215117050627E-16,1.));
#1483=FACE_BOUND('',#1484,.T.);
#1484=EDGE_LOOP('',(#2179,#2180,#2181,#2182,#2183,#2184));
#1485=PLANE('',#1486);
#1486=AXIS2_PLACEMENT_3D('',#1487,#1488,#1489);
#1487=CARTESIAN_POINT('',(44.,48.,-41.5));
#1488=DIRECTION('',(0.,-1.,1.71215117050627E-16));
#1489=DIRECTION('',(1.,0.,0.));
#1490=FACE_BOUND('',#1491,.T.);
#1491=EDGE_LOOP('',(#2185,#2186,#2187,#2188,#2189,#2190,#2191,#2192));
#1492=PLANE('',#1493);
#1493=AXIS2_PLACEMENT_3D('',#1494,#1495,#1496);
#1494=CARTESIAN_POINT('',(44.,46.,-41.5));
#1495=DIRECTION('',(-1.,-5.52980262148354E-32,-3.22973970800046E-16));
#1496=DIRECTION('',(3.22973970800046E-16,-1.71215117050627E-16,-1.));
#1497=FACE_BOUND('',#1498,.T.);
#1498=EDGE_LOOP('',(#2193,#2194,#2195,#2196));
#1499=PLANE('',#1500);
#1500=AXIS2_PLACEMENT_3D('',#1501,#1502,#1503);
#1501=CARTESIAN_POINT('',(0.,46.,-7.87589538432882E-15));
#1502=DIRECTION('',(0.,-1.,1.71215117050627E-16));
#1503=DIRECTION('',(1.,0.,0.));
#1504=FACE_BOUND('',#1505,.T.);
#1505=EDGE_LOOP('',(#2197,#2198,#2199,#2200));
#1506=PLANE('',#1507);
#1507=AXIS2_PLACEMENT_3D('',#1508,#1509,#1510);
#1508=CARTESIAN_POINT('',(-56.75,54.,42.5));
#1509=DIRECTION('',(0.707106781186547,0.,0.707106781186547));
#1510=DIRECTION('',(0.,-1.,0.));
#1511=FACE_BOUND('',#1512,.T.);
#1512=EDGE_LOOP('',(#2201,#2202,#2203,#2204));
#1513=PLANE('',#1514);
#1514=AXIS2_PLACEMENT_3D('',#1515,#1516,#1517);
#1515=CARTESIAN_POINT('',(50.,50.,-50.));
#1516=DIRECTION('',(0.,1.,0.));
#1517=DIRECTION('',(-1.,0.,0.));
#1518=FACE_BOUND('',#1519,.T.);
#1519=EDGE_LOOP('',(#2205,#2206,#2207,#2208));
#1520=PLANE('',#1521);
#1521=AXIS2_PLACEMENT_3D('',#1522,#1523,#1524);
#1522=CARTESIAN_POINT('',(56.75,37.5,42.5));
#1523=DIRECTION('',(-0.707106781186553,0.,0.707106781186542));
#1524=DIRECTION('',(0.,1.,0.));
#1525=FACE_BOUND('',#1526,.T.);
#1526=EDGE_LOOP('',(#2209,#2210,#2211,#2212));
#1527=PLANE('',#1528);
#1528=AXIS2_PLACEMENT_3D('',#1529,#1530,#1531);
#1529=CARTESIAN_POINT('',(-50.,41.5,-41.5));
#1530=DIRECTION('',(0.,1.,-1.71215117050627E-16));
#1531=DIRECTION('',(0.,1.71215117050627E-16,1.));
#1532=FACE_BOUND('',#1533,.T.);
#1533=EDGE_LOOP('',(#2213,#2214,#2215,#2216,#2217,#2218,#2219,#2220));
#1534=PLANE('',#1535);
#1535=AXIS2_PLACEMENT_3D('',#1536,#1537,#1538);
#1536=CARTESIAN_POINT('',(50.,-50.,-50.));
#1537=DIRECTION('',(1.,0.,0.));
#1538=DIRECTION('',(0.,1.,0.));
#1539=FACE_BOUND('',#1540,.T.);
#1540=EDGE_LOOP('',(#2221,#2222,#2223,#2224));
#1541=PLANE('',#1542);
#1542=AXIS2_PLACEMENT_3D('',#1543,#1544,#1545);
#1543=CARTESIAN_POINT('',(-50.,41.5,44.));
#1544=DIRECTION('',(0.,0.,1.));
#1545=DIRECTION('',(0.,-1.,0.));
#1546=FACE_BOUND('',#1547,.T.);
#1547=EDGE_LOOP('',(#2225,#2226,#2227,#2228));
#1548=PLANE('',#1549);
#1549=AXIS2_PLACEMENT_3D('',#1550,#1551,#1552);
#1550=CARTESIAN_POINT('',(0.,-46.,7.87589538432882E-15));
#1551=DIRECTION('',(0.,1.,-1.71215117050627E-16));
#1552=DIRECTION('',(-1.,-2.09678045061689E-32,-1.22464679914735E-16));
#1553=FACE_BOUND('',#1554,.T.);
#1554=EDGE_LOOP('',(#2229,#2230,#2231,#2232));
#1555=PLANE('',#1556);
#1556=AXIS2_PLACEMENT_3D('',#1557,#1558,#1559);
#1557=CARTESIAN_POINT('',(-46.,-56.,41.5));
#1558=DIRECTION('',(0.,0.,1.));
#1559=DIRECTION('',(1.,0.,0.));
#1560=FACE_BOUND('',#1561,.T.);
#1561=EDGE_LOOP('',(#2233,#2234,#2235,#2236));
#1562=PLANE('',#1563);
#1563=AXIS2_PLACEMENT_3D('',#1564,#1565,#1566);
#1564=CARTESIAN_POINT('',(-47.,-52.005,1.5));
#1565=DIRECTION('',(0.,0.,1.));
#1566=DIRECTION('',(1.,0.,0.));
#1567=FACE_BOUND('',#1568,.T.);
#1568=EDGE_LOOP('',(#2237,#2238,#2239,#2240));
#1569=PLANE('',#1570);
#1570=AXIS2_PLACEMENT_3D('',#1571,#1572,#1573);
#1571=CARTESIAN_POINT('',(47.,-52.005,1.5));
#1572=DIRECTION('',(1.,0.,0.));
#1573=DIRECTION('',(0.,0.,-1.));
#1574=FACE_BOUND('',#1575,.T.);
#1575=EDGE_LOOP('',(#2241,#2242,#2243,#2244));
#1576=PLANE('',#1577);
#1577=AXIS2_PLACEMENT_3D('',#1578,#1579,#1580);
#1578=CARTESIAN_POINT('',(47.,-52.005,-1.5));
#1579=DIRECTION('',(2.22044604925031E-16,0.,1.));
#1580=DIRECTION('',(1.,0.,-2.22044604925031E-16));
#1581=FACE_BOUND('',#1582,.T.);
#1582=EDGE_LOOP('',(#2245,#2246,#2247,#2248));
#1583=PLANE('',#1584);
#1584=AXIS2_PLACEMENT_3D('',#1585,#1586,#1587);
#1585=CARTESIAN_POINT('',(-50.,41.5,41.5));
#1586=DIRECTION('',(0.,0.,1.));
#1587=DIRECTION('',(0.,-1.,0.));
#1588=FACE_BOUND('',#1589,.T.);
#1589=EDGE_LOOP('',(#2249,#2250,#2251,#2252,#2253));
#1590=PLANE('',#1591);
#1591=AXIS2_PLACEMENT_3D('',#1592,#1593,#1594);
#1592=CARTESIAN_POINT('',(55.75,-50.,37.5));
#1593=DIRECTION('',(-0.707106781186553,0.707106781186542,-6.09005559731893E-16));
#1594=DIRECTION('',(-8.61263922133455E-16,0.,1.));
#1595=FACE_BOUND('',#1596,.T.);
#1596=EDGE_LOOP('',(#2254,#2255,#2256,#2257,#2258,#2259));
#1597=CYLINDRICAL_SURFACE('',#1598,1.);
#1598=AXIS2_PLACEMENT_3D('',#1599,#1600,#1601);
#1599=CARTESIAN_POINT('',(-59.75,-49.,49.));
#1600=DIRECTION('',(1.,0.,-5.9459643159841E-17));
#1601=DIRECTION('',(5.94596431598392E-17,-7.10542735760105E-15,1.));
#1602=FACE_BOUND('',#1603,.T.);
#1603=EDGE_LOOP('',(#2260,#2261,#2262,#2263,#2264));
#1604=PLANE('',#1605);
#1605=AXIS2_PLACEMENT_3D('',#1606,#1607,#1608);
#1606=CARTESIAN_POINT('',(-56.75,-49.,37.5));
#1607=DIRECTION('',(0.707106781186547,0.707106781186547,0.));
#1608=DIRECTION('',(0.,0.,1.));
#1609=FACE_BOUND('',#1610,.T.);
#1610=EDGE_LOOP('',(#2265,#2266,#2267,#2268));
#1611=PLANE('',#1612);
#1612=AXIS2_PLACEMENT_3D('',#1613,#1614,#1615);
#1613=CARTESIAN_POINT('',(-56.75,-37.5,42.5));
#1614=DIRECTION('',(0.707106781186547,0.,0.707106781186547));
#1615=DIRECTION('',(0.,-1.,0.));
#1616=FACE_BOUND('',#1617,.T.);
#1617=EDGE_LOOP('',(#2269,#2270,#2271,#2272));
#1618=PLANE('',#1619);
#1619=AXIS2_PLACEMENT_3D('',#1620,#1621,#1622);
#1620=CARTESIAN_POINT('',(-55.75,-41.5,37.5));
#1621=DIRECTION('',(0.707106781186547,-0.707106781186547,0.));
#1622=DIRECTION('',(0.,0.,1.));
#1623=FACE_BOUND('',#1624,.T.);
#1624=EDGE_LOOP('',(#2273,#2274,#2275,#2276,#2277,#2278));
#1625=CYLINDRICAL_SURFACE('',#1626,1.);
#1626=AXIS2_PLACEMENT_3D('',#1627,#1628,#1629);
#1627=CARTESIAN_POINT('',(59.75,49.,49.));
#1628=DIRECTION('',(-1.,0.,-5.9459643159841E-17));
#1629=DIRECTION('',(-5.94596431598392E-17,7.10542735760105E-15,1.));
#1630=FACE_BOUND('',#1631,.T.);
#1631=EDGE_LOOP('',(#2279,#2280,#2281,#2282,#2283));
#1632=PLANE('',#1633);
#1633=AXIS2_PLACEMENT_3D('',#1634,#1635,#1636);
#1634=CARTESIAN_POINT('',(-56.75,54.,49.));
#1635=DIRECTION('',(-0.707106781186547,0.,0.707106781186547));
#1636=DIRECTION('',(0.,-1.,0.));
#1637=FACE_BOUND('',#1638,.T.);
#1638=EDGE_LOOP('',(#2284,#2285,#2286,#2287,#2288));
#1639=PLANE('',#1640);
#1640=AXIS2_PLACEMENT_3D('',#1641,#1642,#1643);
#1641=CARTESIAN_POINT('',(-56.75,-37.5,49.));
#1642=DIRECTION('',(-0.707106781186547,0.,0.707106781186547));
#1643=DIRECTION('',(0.,-1.,0.));
#1644=FACE_BOUND('',#1645,.T.);
#1645=EDGE_LOOP('',(#2289,#2290,#2291,#2292,#2293));
#1646=PLANE('',#1647);
#1647=AXIS2_PLACEMENT_3D('',#1648,#1649,#1650);
#1648=CARTESIAN_POINT('',(56.75,-54.,49.));
#1649=DIRECTION('',(0.707106781186547,0.,0.707106781186547));
#1650=DIRECTION('',(0.,1.,0.));
#1651=FACE_BOUND('',#1652,.T.);
#1652=EDGE_LOOP('',(#2294,#2295,#2296,#2297));
#1653=PLANE('',#1654);
#1654=AXIS2_PLACEMENT_3D('',#1655,#1656,#1657);
#1655=CARTESIAN_POINT('',(-50.,-41.5,41.5));
#1656=DIRECTION('',(0.,-1.,1.71215117050627E-16));
#1657=DIRECTION('',(0.,-1.71215117050627E-16,-1.));
#1658=FACE_BOUND('',#1659,.T.);
#1659=EDGE_LOOP('',(#2298,#2299,#2300,#2301,#2302));
#1660=PLANE('',#1661);
#1661=AXIS2_PLACEMENT_3D('',#1662,#1663,#1664);
#1662=CARTESIAN_POINT('',(56.75,37.5,49.));
#1663=DIRECTION('',(0.707106781186547,0.,0.707106781186547));
#1664=DIRECTION('',(0.,1.,0.));
#1665=FACE_BOUND('',#1666,.T.);
#1666=EDGE_LOOP('',(#2303,#2304,#2305,#2306));
#1667=PLANE('',#1668);
#1668=AXIS2_PLACEMENT_3D('',#1669,#1670,#1671);
#1669=CARTESIAN_POINT('',(-56.75,42.5,37.5));
#1670=DIRECTION('',(0.707106781186547,0.707106781186547,0.));
#1671=DIRECTION('',(0.,0.,1.));
#1672=FACE_BOUND('',#1673,.T.);
#1673=EDGE_LOOP('',(#2307,#2308,#2309,#2310));
#1674=PLANE('',#1675);
#1675=AXIS2_PLACEMENT_3D('',#1676,#1677,#1678);
#1676=CARTESIAN_POINT('',(-56.75,50.,41.5));
#1677=DIRECTION('',(-1.,0.,0.));
#1678=DIRECTION('',(0.,-1.,0.));
#1679=FACE_BOUND('',#1680,.T.);
#1680=EDGE_LOOP('',(#2311,#2312,#2313,#2314,#2315));
#1681=PLANE('',#1682);
#1682=AXIS2_PLACEMENT_3D('',#1683,#1684,#1685);
#1683=CARTESIAN_POINT('',(-55.75,50.,37.5));
#1684=DIRECTION('',(0.707106781186553,-0.707106781186542,-6.09005559731893E-16));
#1685=DIRECTION('',(8.61263922133455E-16,0.,1.));
#1686=FACE_BOUND('',#1687,.T.);
#1687=EDGE_LOOP('',(#2316,#2317,#2318,#2319,#2320));
#1688=PLANE('',#1689);
#1689=AXIS2_PLACEMENT_3D('',#1690,#1691,#1692);
#1690=CARTESIAN_POINT('',(56.75,49.,37.5));
#1691=DIRECTION('',(-0.707106781186547,-0.707106781186547,0.));
#1692=DIRECTION('',(0.,0.,1.));
#1693=FACE_BOUND('',#1694,.T.);
#1694=EDGE_LOOP('',(#2321,#2322,#2323,#2324));
#1695=PLANE('',#1696);
#1696=AXIS2_PLACEMENT_3D('',#1697,#1698,#1699);
#1697=CARTESIAN_POINT('',(56.75,41.5,41.5));
#1698=DIRECTION('',(1.,0.,0.));
#1699=DIRECTION('',(0.,1.,0.));
#1700=FACE_BOUND('',#1701,.T.);
#1701=EDGE_LOOP('',(#2325,#2326,#2327,#2328));
#1702=PLANE('',#1703);
#1703=AXIS2_PLACEMENT_3D('',#1704,#1705,#1706);
#1704=CARTESIAN_POINT('',(55.75,41.5,37.5));
#1705=DIRECTION('',(-0.707106781186553,0.707106781186542,-6.09005559731893E-16));
#1706=DIRECTION('',(-8.61263922133455E-16,0.,1.));
#1707=FACE_BOUND('',#1708,.T.);
#1708=EDGE_LOOP('',(#2329,#2330,#2331,#2332));
#1709=PLANE('',#1710);
#1710=AXIS2_PLACEMENT_3D('',#1711,#1712,#1713);
#1711=CARTESIAN_POINT('',(56.75,-54.,42.5));
#1712=DIRECTION('',(-0.707106781186553,0.,0.707106781186542));
#1713=DIRECTION('',(0.,1.,0.));
#1714=FACE_BOUND('',#1715,.T.);
#1715=EDGE_LOOP('',(#2333,#2334,#2335,#2336));
#1716=PLANE('',#1717);
#1717=AXIS2_PLACEMENT_3D('',#1718,#1719,#1720);
#1718=CARTESIAN_POINT('',(56.75,-50.,41.5));
#1719=DIRECTION('',(1.,0.,0.));
#1720=DIRECTION('',(0.,1.,0.));
#1721=FACE_BOUND('',#1722,.T.);
#1722=EDGE_LOOP('',(#2337,#2338,#2339,#2340));
#1723=PLANE('',#1724);
#1724=AXIS2_PLACEMENT_3D('',#1725,#1726,#1727);
#1725=CARTESIAN_POINT('',(-56.75,-41.5,41.5));
#1726=DIRECTION('',(-1.,0.,0.));
#1727=DIRECTION('',(0.,-1.,0.));
#1728=FACE_BOUND('',#1729,.T.);
#1729=EDGE_LOOP('',(#2341,#2342,#2343,#2344));
#1730=PLANE('',#1731);
#1731=AXIS2_PLACEMENT_3D('',#1732,#1733,#1734);
#1732=CARTESIAN_POINT('',(56.75,-42.5,37.5));
#1733=DIRECTION('',(-0.707106781186553,-0.707106781186542,0.));
#1734=DIRECTION('',(0.,0.,1.));
#1735=FACE_BOUND('',#1736,.T.);
#1736=EDGE_LOOP('',(#2345,#2346,#2347,#2348));
#1737=FACE_BOUND('',#1738,.T.);
#1738=EDGE_LOOP('',(#2349));
#1739=PLANE('',#1740);
#1740=AXIS2_PLACEMENT_3D('',#1741,#1742,#1743);
#1741=CARTESIAN_POINT('',(5.90638649100582E-15,-5.40000000000002,-28.1));
#1742=DIRECTION('',(1.48029736616687E-16,2.21703333030329E-16,1.));
#1743=DIRECTION('',(6.12323399573676E-17,1.,-2.21703333030329E-16));
#1744=FACE_OUTER_BOUND('',#1745,.T.);
#1745=EDGE_LOOP('',(#2350));
#1746=FACE_OUTER_BOUND('',#1747,.T.);
#1747=EDGE_LOOP('',(#2351));
#1748=CYLINDRICAL_SURFACE('',#1749,0.783493649);
#1749=AXIS2_PLACEMENT_3D('',#1750,#1751,#1752);
#1750=CARTESIAN_POINT('',(3.11540755943299E-15,8.29999999999998,-38.1));
#1751=DIRECTION('',(1.48029736616687E-16,2.21703333030329E-16,1.));
#1752=DIRECTION('',(1.,0.,-1.48029736616687E-16));
#1753=FACE_BOUND('',#1754,.T.);
#1754=EDGE_LOOP('',(#2352,#2353,#2354,#2355));
#1755=PLANE('',#1756);
#1756=AXIS2_PLACEMENT_3D('',#1757,#1758,#1759);
#1757=CARTESIAN_POINT('',(-5.9,5.89999999999998,-44.));
#1758=DIRECTION('',(2.53449286817917E-32,-1.,1.71215117050574E-16));
#1759=DIRECTION('',(1.,0.,-1.48029736616687E-16));
#1760=FACE_BOUND('',#1761,.T.);
#1761=EDGE_LOOP('',(#2356,#2357,#2358,#2359,#2360,#2361,#2362,#2363));
#1762=PLANE('',#1763);
#1763=AXIS2_PLACEMENT_3D('',#1764,#1765,#1766);
#1764=CARTESIAN_POINT('',(5.9,-21.4,-47.));
#1765=DIRECTION('',(1.,-5.55111512312578E-17,-1.48029736616687E-16));
#1766=DIRECTION('',(5.55111512312578E-17,1.,-2.27424521756439E-16));
#1767=FACE_BOUND('',#1768,.T.);
#1768=EDGE_LOOP('',(#2364,#2365,#2366,#2367));
#1769=PLANE('',#1770);
#1770=AXIS2_PLACEMENT_3D('',#1771,#1772,#1773);
#1771=CARTESIAN_POINT('',(5.9,10.6,-47.));
#1772=DIRECTION('',(-4.18828931518339E-32,1.,-2.82935672987697E-16));
#1773=DIRECTION('',(-1.,0.,1.48029736616687E-16));
#1774=FACE_BOUND('',#1775,.T.);
#1775=EDGE_LOOP('',(#2368,#2369,#2370,#2371,#2372,#2373,#2374,#2375));
#1776=PLANE('',#1777);
#1777=AXIS2_PLACEMENT_3D('',#1778,#1779,#1780);
#1778=CARTESIAN_POINT('',(-5.9,10.6,-47.));
#1779=DIRECTION('',(-1.,5.55111512312578E-17,1.48029736616687E-16));
#1780=DIRECTION('',(-5.55111512312578E-17,-1.,2.27424521756439E-16));
#1781=FACE_BOUND('',#1782,.T.);
#1782=EDGE_LOOP('',(#2376));
#1783=PLANE('',#1784);
#1784=AXIS2_PLACEMENT_3D('',#1785,#1786,#1787);
#1785=CARTESIAN_POINT('',(3.11540755943299E-15,8.29999999999998,-38.1));
#1786=DIRECTION('',(-1.48029736616687E-16,-2.21703333030329E-16,-1.));
#1787=DIRECTION('',(1.,0.,-1.48029736616687E-16));
#1788=FACE_BOUND('',#1789,.T.);
#1789=EDGE_LOOP('',(#2377,#2378,#2379,#2380));
#1790=PLANE('',#1791);
#1791=AXIS2_PLACEMENT_3D('',#1792,#1793,#1794);
#1792=CARTESIAN_POINT('',(3.5527136788005E-15,-5.40000000000002,-44.));
#1793=DIRECTION('',(1.48029736616687E-16,2.21703333030329E-16,1.));
#1794=DIRECTION('',(6.12323399573676E-17,1.,-2.21703333030329E-16));
#1795=FACE_BOUND('',#1796,.T.);
#1796=EDGE_LOOP('',(#2381,#2382,#2383,#2384));
#1797=PLANE('',#1798);
#1798=AXIS2_PLACEMENT_3D('',#1799,#1800,#1801);
#1799=CARTESIAN_POINT('',(3.10862446895044E-15,-5.40000000000002,-47.));
#1800=DIRECTION('',(1.48029736616687E-16,2.21703333030329E-16,1.));
#1801=DIRECTION('',(6.12323399573676E-17,1.,-2.21703333030329E-16));
#1802=FACE_BOUND('',#1803,.T.);
#1803=EDGE_LOOP('',(#2385,#2386,#2387,#2388));
#1804=PLANE('',#1805);
#1805=AXIS2_PLACEMENT_3D('',#1806,#1807,#1808);
#1806=CARTESIAN_POINT('',(5.9,-16.7,-44.));
#1807=DIRECTION('',(-2.53449286817917E-32,1.,-1.71215117050574E-16));
#1808=DIRECTION('',(-1.,0.,1.48029736616687E-16));
#1809=FACE_BOUND('',#1810,.T.);
#1810=EDGE_LOOP('',(#2389,#2390,#2391,#2392));
#1811=FACE_BOUND('',#1812,.T.);
#1812=EDGE_LOOP('',(#2393));
#1813=PLANE('',#1814);
#1814=AXIS2_PLACEMENT_3D('',#1815,#1816,#1817);
#1815=CARTESIAN_POINT('',(5.90638649100582E-15,-5.40000000000002,-28.1));
#1816=DIRECTION('',(1.48029736616687E-16,2.21703333030329E-16,1.));
#1817=DIRECTION('',(6.12323399573676E-17,1.,-2.21703333030329E-16));
#1818=FACE_BOUND('',#1819,.T.);
#1819=EDGE_LOOP('',(#2394,#2395,#2396,#2397));
#1820=PLANE('',#1821);
#1821=AXIS2_PLACEMENT_3D('',#1822,#1823,#1824);
#1822=CARTESIAN_POINT('',(-5.9,-21.4,-47.));
#1823=DIRECTION('',(4.18828931518339E-32,-1.,2.82935672987697E-16));
#1824=DIRECTION('',(1.,0.,-1.48029736616687E-16));
#1825=FACE_OUTER_BOUND('',#1826,.T.);
#1826=EDGE_LOOP('',(#2398));
#1827=FACE_OUTER_BOUND('',#1828,.T.);
#1828=EDGE_LOOP('',(#2399));
#1829=CYLINDRICAL_SURFACE('',#1830,0.783493649);
#1830=AXIS2_PLACEMENT_3D('',#1831,#1832,#1833);
#1831=CARTESIAN_POINT('',(5.54592866751002E-15,-19.088367608534,-38.1));
#1832=DIRECTION('',(1.48029736616687E-16,2.21703333030329E-16,1.));
#1833=DIRECTION('',(1.,0.,-1.48029736616687E-16));
#1834=FACE_BOUND('',#1835,.T.);
#1835=EDGE_LOOP('',(#2400));
#1836=PLANE('',#1837);
#1837=AXIS2_PLACEMENT_3D('',#1838,#1839,#1840);
#1838=CARTESIAN_POINT('',(5.54592866751002E-15,-19.088367608534,-38.1));
#1839=DIRECTION('',(-1.48029736616687E-16,-2.21703333030329E-16,-1.));
#1840=DIRECTION('',(1.,0.,-1.48029736616687E-16));
#1841=ORIENTED_EDGE('',*,*,#2401,.T.);
#1842=ORIENTED_EDGE('',*,*,#2402,.T.);
#1843=ORIENTED_EDGE('',*,*,#2403,.T.);
#1844=ORIENTED_EDGE('',*,*,#2404,.F.);
#1845=ORIENTED_EDGE('',*,*,#2405,.T.);
#1846=ORIENTED_EDGE('',*,*,#2406,.F.);
#1847=ORIENTED_EDGE('',*,*,#2407,.T.);
#1848=ORIENTED_EDGE('',*,*,#2408,.T.);
#1849=ORIENTED_EDGE('',*,*,#2409,.T.);
#1850=ORIENTED_EDGE('',*,*,#2410,.F.);
#1851=ORIENTED_EDGE('',*,*,#2411,.T.);
#1852=ORIENTED_EDGE('',*,*,#2412,.F.);
#1853=ORIENTED_EDGE('',*,*,#2413,.T.);
#1854=ORIENTED_EDGE('',*,*,#2414,.T.);
#1855=ORIENTED_EDGE('',*,*,#2415,.T.);
#1856=ORIENTED_EDGE('',*,*,#2416,.T.);
#1857=ORIENTED_EDGE('',*,*,#2417,.T.);
#1858=ORIENTED_EDGE('',*,*,#2418,.T.);
#1859=ORIENTED_EDGE('',*,*,#2419,.T.);
#1860=ORIENTED_EDGE('',*,*,#2404,.T.);
#1861=ORIENTED_EDGE('',*,*,#2420,.T.);
#1862=ORIENTED_EDGE('',*,*,#2406,.T.);
#1863=ORIENTED_EDGE('',*,*,#2421,.T.);
#1864=ORIENTED_EDGE('',*,*,#2422,.F.);
#1865=ORIENTED_EDGE('',*,*,#2423,.T.);
#1866=ORIENTED_EDGE('',*,*,#2424,.F.);
#1867=ORIENTED_EDGE('',*,*,#2425,.T.);
#1868=ORIENTED_EDGE('',*,*,#2426,.T.);
#1869=ORIENTED_EDGE('',*,*,#2427,.T.);
#1870=ORIENTED_EDGE('',*,*,#2426,.F.);
#1871=ORIENTED_EDGE('',*,*,#2428,.T.);
#1872=ORIENTED_EDGE('',*,*,#2429,.T.);
#1873=ORIENTED_EDGE('',*,*,#2430,.F.);
#1874=ORIENTED_EDGE('',*,*,#2431,.F.);
#1875=ORIENTED_EDGE('',*,*,#2432,.T.);
#1876=ORIENTED_EDGE('',*,*,#2433,.T.);
#1877=ORIENTED_EDGE('',*,*,#2434,.T.);
#1878=ORIENTED_EDGE('',*,*,#2435,.T.);
#1879=ORIENTED_EDGE('',*,*,#2436,.T.);
#1880=ORIENTED_EDGE('',*,*,#2437,.F.);
#1881=ORIENTED_EDGE('',*,*,#2438,.T.);
#1882=ORIENTED_EDGE('',*,*,#2414,.F.);
#1883=ORIENTED_EDGE('',*,*,#2439,.T.);
#1884=ORIENTED_EDGE('',*,*,#2440,.T.);
#1885=ORIENTED_EDGE('',*,*,#2441,.T.);
#1886=ORIENTED_EDGE('',*,*,#2433,.F.);
#1887=ORIENTED_EDGE('',*,*,#2442,.T.);
#1888=ORIENTED_EDGE('',*,*,#2443,.F.);
#1889=ORIENTED_EDGE('',*,*,#2444,.T.);
#1890=ORIENTED_EDGE('',*,*,#2445,.F.);
#1891=ORIENTED_EDGE('',*,*,#2446,.T.);
#1892=ORIENTED_EDGE('',*,*,#2410,.T.);
#1893=ORIENTED_EDGE('',*,*,#2447,.T.);
#1894=ORIENTED_EDGE('',*,*,#2412,.T.);
#1895=ORIENTED_EDGE('',*,*,#2448,.T.);
#1896=ORIENTED_EDGE('',*,*,#2449,.T.);
#1897=ORIENTED_EDGE('',*,*,#2450,.T.);
#1898=ORIENTED_EDGE('',*,*,#2451,.T.);
#1899=ORIENTED_EDGE('',*,*,#2452,.T.);
#1900=ORIENTED_EDGE('',*,*,#2437,.T.);
#1901=ORIENTED_EDGE('',*,*,#2441,.F.);
#1902=ORIENTED_EDGE('',*,*,#2409,.F.);
#1903=ORIENTED_EDGE('',*,*,#2453,.F.);
#1904=ORIENTED_EDGE('',*,*,#2434,.F.);
#1905=ORIENTED_EDGE('',*,*,#2435,.F.);
#1906=ORIENTED_EDGE('',*,*,#2453,.T.);
#1907=ORIENTED_EDGE('',*,*,#2408,.F.);
#1908=ORIENTED_EDGE('',*,*,#2454,.F.);
#1909=ORIENTED_EDGE('',*,*,#2447,.F.);
#1910=ORIENTED_EDGE('',*,*,#2436,.F.);
#1911=ORIENTED_EDGE('',*,*,#2454,.T.);
#1912=ORIENTED_EDGE('',*,*,#2407,.F.);
#1913=ORIENTED_EDGE('',*,*,#2439,.F.);
#1914=ORIENTED_EDGE('',*,*,#2413,.F.);
#1915=ORIENTED_EDGE('',*,*,#2403,.F.);
#1916=ORIENTED_EDGE('',*,*,#2455,.F.);
#1917=ORIENTED_EDGE('',*,*,#2440,.F.);
#1918=ORIENTED_EDGE('',*,*,#2455,.T.);
#1919=ORIENTED_EDGE('',*,*,#2402,.F.);
#1920=ORIENTED_EDGE('',*,*,#2456,.F.);
#1921=ORIENTED_EDGE('',*,*,#2427,.F.);
#1922=ORIENTED_EDGE('',*,*,#2456,.T.);
#1923=ORIENTED_EDGE('',*,*,#2401,.F.);
#1924=ORIENTED_EDGE('',*,*,#2420,.F.);
#1925=ORIENTED_EDGE('',*,*,#2446,.F.);
#1926=ORIENTED_EDGE('',*,*,#2457,.F.);
#1927=ORIENTED_EDGE('',*,*,#2458,.F.);
#1928=ORIENTED_EDGE('',*,*,#2459,.F.);
#1929=ORIENTED_EDGE('',*,*,#2460,.F.);
#1930=ORIENTED_EDGE('',*,*,#2461,.F.);
#1931=ORIENTED_EDGE('',*,*,#2421,.F.);
#1932=ORIENTED_EDGE('',*,*,#2405,.F.);
#1933=ORIENTED_EDGE('',*,*,#2419,.F.);
#1934=ORIENTED_EDGE('',*,*,#2462,.F.);
#1935=ORIENTED_EDGE('',*,*,#2448,.F.);
#1936=ORIENTED_EDGE('',*,*,#2411,.F.);
#1937=ORIENTED_EDGE('',*,*,#2452,.F.);
#1938=ORIENTED_EDGE('',*,*,#2463,.F.);
#1939=ORIENTED_EDGE('',*,*,#2415,.F.);
#1940=ORIENTED_EDGE('',*,*,#2438,.F.);
#1941=ORIENTED_EDGE('',*,*,#2451,.F.);
#1942=ORIENTED_EDGE('',*,*,#2464,.F.);
#1943=ORIENTED_EDGE('',*,*,#2416,.F.);
#1944=ORIENTED_EDGE('',*,*,#2463,.T.);
#1945=ORIENTED_EDGE('',*,*,#2450,.F.);
#1946=ORIENTED_EDGE('',*,*,#2465,.T.);
#1947=ORIENTED_EDGE('',*,*,#2417,.F.);
#1948=ORIENTED_EDGE('',*,*,#2464,.T.);
#1949=ORIENTED_EDGE('',*,*,#2449,.F.);
#1950=ORIENTED_EDGE('',*,*,#2462,.T.);
#1951=ORIENTED_EDGE('',*,*,#2418,.F.);
#1952=ORIENTED_EDGE('',*,*,#2465,.F.);
#1953=ORIENTED_EDGE('',*,*,#2461,.T.);
#1954=ORIENTED_EDGE('',*,*,#2466,.T.);
#1955=ORIENTED_EDGE('',*,*,#2467,.F.);
#1956=ORIENTED_EDGE('',*,*,#2422,.T.);
#1957=ORIENTED_EDGE('',*,*,#2468,.T.);
#1958=ORIENTED_EDGE('',*,*,#2469,.T.);
#1959=ORIENTED_EDGE('',*,*,#2470,.T.);
#1960=ORIENTED_EDGE('',*,*,#2444,.F.);
#1961=ORIENTED_EDGE('',*,*,#2471,.T.);
#1962=ORIENTED_EDGE('',*,*,#2472,.T.);
#1963=ORIENTED_EDGE('',*,*,#2473,.T.);
#1964=ORIENTED_EDGE('',*,*,#2474,.T.);
#1965=ORIENTED_EDGE('',*,*,#2475,.T.);
#1966=ORIENTED_EDGE('',*,*,#2423,.F.);
#1967=ORIENTED_EDGE('',*,*,#2467,.T.);
#1968=ORIENTED_EDGE('',*,*,#2476,.T.);
#1969=ORIENTED_EDGE('',*,*,#2424,.T.);
#1970=ORIENTED_EDGE('',*,*,#2475,.F.);
#1971=ORIENTED_EDGE('',*,*,#2477,.F.);
#1972=ORIENTED_EDGE('',*,*,#2478,.T.);
#1973=ORIENTED_EDGE('',*,*,#2425,.F.);
#1974=ORIENTED_EDGE('',*,*,#2478,.F.);
#1975=ORIENTED_EDGE('',*,*,#2479,.F.);
#1976=ORIENTED_EDGE('',*,*,#2428,.F.);
#1977=ORIENTED_EDGE('',*,*,#2480,.F.);
#1978=ORIENTED_EDGE('',*,*,#2429,.F.);
#1979=ORIENTED_EDGE('',*,*,#2481,.T.);
#1980=ORIENTED_EDGE('',*,*,#2482,.T.);
#1981=ORIENTED_EDGE('',*,*,#2483,.F.);
#1982=ORIENTED_EDGE('',*,*,#2430,.T.);
#1983=ORIENTED_EDGE('',*,*,#2480,.T.);
#1984=ORIENTED_EDGE('',*,*,#2484,.T.);
#1985=ORIENTED_EDGE('',*,*,#2473,.F.);
#1986=ORIENTED_EDGE('',*,*,#2485,.T.);
#1987=ORIENTED_EDGE('',*,*,#2486,.T.);
#1988=ORIENTED_EDGE('',*,*,#2486,.F.);
#1989=ORIENTED_EDGE('',*,*,#2487,.F.);
#1990=ORIENTED_EDGE('',*,*,#2488,.F.);
#1991=ORIENTED_EDGE('',*,*,#2489,.T.);
#1992=ORIENTED_EDGE('',*,*,#2431,.T.);
#1993=ORIENTED_EDGE('',*,*,#2442,.F.);
#1994=ORIENTED_EDGE('',*,*,#2432,.F.);
#1995=ORIENTED_EDGE('',*,*,#2490,.F.);
#1996=ORIENTED_EDGE('',*,*,#2491,.F.);
#1997=ORIENTED_EDGE('',*,*,#2491,.T.);
#1998=ORIENTED_EDGE('',*,*,#2492,.T.);
#1999=ORIENTED_EDGE('',*,*,#2471,.F.);
#2000=ORIENTED_EDGE('',*,*,#2443,.T.);
#2001=ORIENTED_EDGE('',*,*,#2445,.T.);
#2002=ORIENTED_EDGE('',*,*,#2470,.F.);
#2003=ORIENTED_EDGE('',*,*,#2493,.F.);
#2004=ORIENTED_EDGE('',*,*,#2457,.T.);
#2005=ORIENTED_EDGE('',*,*,#2494,.F.);
#2006=ORIENTED_EDGE('',*,*,#2495,.F.);
#2007=ORIENTED_EDGE('',*,*,#2458,.T.);
#2008=ORIENTED_EDGE('',*,*,#2496,.T.);
#2009=ORIENTED_EDGE('',*,*,#2459,.T.);
#2010=ORIENTED_EDGE('',*,*,#2497,.T.);
#2011=ORIENTED_EDGE('',*,*,#2498,.F.);
#2012=ORIENTED_EDGE('',*,*,#2499,.F.);
#2013=ORIENTED_EDGE('',*,*,#2500,.F.);
#2014=ORIENTED_EDGE('',*,*,#2501,.T.);
#2015=ORIENTED_EDGE('',*,*,#2460,.T.);
#2016=ORIENTED_EDGE('',*,*,#2502,.F.);
#2017=ORIENTED_EDGE('',*,*,#2466,.F.);
#2018=ORIENTED_EDGE('',*,*,#2501,.F.);
#2019=ORIENTED_EDGE('',*,*,#2503,.T.);
#2020=ORIENTED_EDGE('',*,*,#2504,.T.);
#2021=ORIENTED_EDGE('',*,*,#2498,.T.);
#2022=ORIENTED_EDGE('',*,*,#2505,.T.);
#2023=ORIENTED_EDGE('',*,*,#2506,.T.);
#2024=ORIENTED_EDGE('',*,*,#2468,.F.);
#2025=ORIENTED_EDGE('',*,*,#2507,.T.);
#2026=ORIENTED_EDGE('',*,*,#2508,.T.);
#2027=ORIENTED_EDGE('',*,*,#2506,.F.);
#2028=ORIENTED_EDGE('',*,*,#2509,.T.);
#2029=ORIENTED_EDGE('',*,*,#2510,.T.);
#2030=ORIENTED_EDGE('',*,*,#2511,.F.);
#2031=ORIENTED_EDGE('',*,*,#2469,.F.);
#2032=ORIENTED_EDGE('',*,*,#2485,.F.);
#2033=ORIENTED_EDGE('',*,*,#2472,.F.);
#2034=ORIENTED_EDGE('',*,*,#2512,.F.);
#2035=ORIENTED_EDGE('',*,*,#2513,.T.);
#2036=ORIENTED_EDGE('',*,*,#2487,.T.);
#2037=ORIENTED_EDGE('',*,*,#2484,.F.);
#2038=ORIENTED_EDGE('',*,*,#2483,.T.);
#2039=ORIENTED_EDGE('',*,*,#2514,.T.);
#2040=ORIENTED_EDGE('',*,*,#2515,.F.);
#2041=ORIENTED_EDGE('',*,*,#2474,.F.);
#2042=ORIENTED_EDGE('',*,*,#2507,.F.);
#2043=ORIENTED_EDGE('',*,*,#2476,.F.);
#2044=ORIENTED_EDGE('',*,*,#2504,.F.);
#2045=ORIENTED_EDGE('',*,*,#2516,.T.);
#2046=ORIENTED_EDGE('',*,*,#2517,.T.);
#2047=ORIENTED_EDGE('',*,*,#2518,.F.);
#2048=ORIENTED_EDGE('',*,*,#2519,.F.);
#2049=ORIENTED_EDGE('',*,*,#2477,.T.);
#2050=ORIENTED_EDGE('',*,*,#2515,.T.);
#2051=ORIENTED_EDGE('',*,*,#2520,.F.);
#2052=ORIENTED_EDGE('',*,*,#2481,.F.);
#2053=ORIENTED_EDGE('',*,*,#2479,.T.);
#2054=ORIENTED_EDGE('',*,*,#2519,.T.);
#2055=ORIENTED_EDGE('',*,*,#2518,.T.);
#2056=ORIENTED_EDGE('',*,*,#2514,.F.);
#2057=ORIENTED_EDGE('',*,*,#2482,.F.);
#2058=ORIENTED_EDGE('',*,*,#2520,.T.);
#2059=ORIENTED_EDGE('',*,*,#2521,.F.);
#2060=ORIENTED_EDGE('',*,*,#2522,.T.);
#2061=ORIENTED_EDGE('',*,*,#2488,.T.);
#2062=ORIENTED_EDGE('',*,*,#2513,.F.);
#2063=ORIENTED_EDGE('',*,*,#2522,.F.);
#2064=ORIENTED_EDGE('',*,*,#2523,.T.);
#2065=ORIENTED_EDGE('',*,*,#2490,.T.);
#2066=ORIENTED_EDGE('',*,*,#2489,.F.);
#2067=ORIENTED_EDGE('',*,*,#2492,.F.);
#2068=ORIENTED_EDGE('',*,*,#2523,.F.);
#2069=ORIENTED_EDGE('',*,*,#2521,.T.);
#2070=ORIENTED_EDGE('',*,*,#2512,.T.);
#2071=ORIENTED_EDGE('',*,*,#2524,.F.);
#2072=ORIENTED_EDGE('',*,*,#2496,.F.);
#2073=ORIENTED_EDGE('',*,*,#2493,.T.);
#2074=ORIENTED_EDGE('',*,*,#2511,.T.);
#2075=ORIENTED_EDGE('',*,*,#2524,.T.);
#2076=ORIENTED_EDGE('',*,*,#2510,.F.);
#2077=ORIENTED_EDGE('',*,*,#2525,.F.);
#2078=ORIENTED_EDGE('',*,*,#2494,.T.);
#2079=ORIENTED_EDGE('',*,*,#2505,.F.);
#2080=ORIENTED_EDGE('',*,*,#2497,.F.);
#2081=ORIENTED_EDGE('',*,*,#2495,.T.);
#2082=ORIENTED_EDGE('',*,*,#2525,.T.);
#2083=ORIENTED_EDGE('',*,*,#2509,.F.);
#2084=ORIENTED_EDGE('',*,*,#2508,.F.);
#2085=ORIENTED_EDGE('',*,*,#2517,.F.);
#2086=ORIENTED_EDGE('',*,*,#2526,.F.);
#2087=ORIENTED_EDGE('',*,*,#2502,.T.);
#2088=ORIENTED_EDGE('',*,*,#2499,.T.);
#2089=ORIENTED_EDGE('',*,*,#2503,.F.);
#2090=ORIENTED_EDGE('',*,*,#2500,.T.);
#2091=ORIENTED_EDGE('',*,*,#2526,.T.);
#2092=ORIENTED_EDGE('',*,*,#2516,.F.);
#2093=ORIENTED_EDGE('',*,*,#2527,.T.);
#2094=ORIENTED_EDGE('',*,*,#2528,.F.);
#2095=ORIENTED_EDGE('',*,*,#2529,.T.);
#2096=ORIENTED_EDGE('',*,*,#2530,.F.);
#2097=ORIENTED_EDGE('',*,*,#2531,.T.);
#2098=ORIENTED_EDGE('',*,*,#2532,.T.);
#2099=ORIENTED_EDGE('',*,*,#2533,.F.);
#2100=ORIENTED_EDGE('',*,*,#2534,.F.);
#2101=ORIENTED_EDGE('',*,*,#2527,.F.);
#2102=ORIENTED_EDGE('',*,*,#2535,.F.);
#2103=ORIENTED_EDGE('',*,*,#2534,.T.);
#2104=ORIENTED_EDGE('',*,*,#2536,.T.);
#2105=ORIENTED_EDGE('',*,*,#2537,.T.);
#2106=ORIENTED_EDGE('',*,*,#2538,.F.);
#2107=ORIENTED_EDGE('',*,*,#2539,.F.);
#2108=ORIENTED_EDGE('',*,*,#2540,.F.);
#2109=ORIENTED_EDGE('',*,*,#2541,.T.);
#2110=ORIENTED_EDGE('',*,*,#2528,.T.);
#2111=ORIENTED_EDGE('',*,*,#2542,.F.);
#2112=ORIENTED_EDGE('',*,*,#2543,.F.);
#2113=ORIENTED_EDGE('',*,*,#2544,.F.);
#2114=ORIENTED_EDGE('',*,*,#2545,.F.);
#2115=ORIENTED_EDGE('',*,*,#2529,.F.);
#2116=ORIENTED_EDGE('',*,*,#2541,.F.);
#2117=ORIENTED_EDGE('',*,*,#2546,.F.);
#2118=ORIENTED_EDGE('',*,*,#2547,.F.);
#2119=ORIENTED_EDGE('',*,*,#2548,.F.);
#2120=ORIENTED_EDGE('',*,*,#2549,.F.);
#2121=ORIENTED_EDGE('',*,*,#2550,.F.);
#2122=ORIENTED_EDGE('',*,*,#2551,.F.);
#2123=ORIENTED_EDGE('',*,*,#2552,.T.);
#2124=ORIENTED_EDGE('',*,*,#2530,.T.);
#2125=ORIENTED_EDGE('',*,*,#2545,.T.);
#2126=ORIENTED_EDGE('',*,*,#2553,.T.);
#2127=ORIENTED_EDGE('',*,*,#2554,.T.);
#2128=ORIENTED_EDGE('',*,*,#2555,.T.);
#2129=ORIENTED_EDGE('',*,*,#2556,.T.);
#2130=ORIENTED_EDGE('',*,*,#2557,.T.);
#2131=ORIENTED_EDGE('',*,*,#2558,.F.);
#2132=ORIENTED_EDGE('',*,*,#2559,.T.);
#2133=ORIENTED_EDGE('',*,*,#2531,.F.);
#2134=ORIENTED_EDGE('',*,*,#2552,.F.);
#2135=ORIENTED_EDGE('',*,*,#2560,.F.);
#2136=ORIENTED_EDGE('',*,*,#2535,.T.);
#2137=ORIENTED_EDGE('',*,*,#2532,.F.);
#2138=ORIENTED_EDGE('',*,*,#2559,.F.);
#2139=ORIENTED_EDGE('',*,*,#2533,.T.);
#2140=ORIENTED_EDGE('',*,*,#2560,.T.);
#2141=ORIENTED_EDGE('',*,*,#2558,.T.);
#2142=ORIENTED_EDGE('',*,*,#2557,.F.);
#2143=ORIENTED_EDGE('',*,*,#2561,.T.);
#2144=ORIENTED_EDGE('',*,*,#2562,.F.);
#2145=ORIENTED_EDGE('',*,*,#2563,.T.);
#2146=ORIENTED_EDGE('',*,*,#2564,.T.);
#2147=ORIENTED_EDGE('',*,*,#2565,.T.);
#2148=ORIENTED_EDGE('',*,*,#2566,.T.);
#2149=ORIENTED_EDGE('',*,*,#2567,.T.);
#2150=ORIENTED_EDGE('',*,*,#2568,.T.);
#2151=ORIENTED_EDGE('',*,*,#2569,.F.);
#2152=ORIENTED_EDGE('',*,*,#2570,.F.);
#2153=ORIENTED_EDGE('',*,*,#2571,.T.);
#2154=ORIENTED_EDGE('',*,*,#2536,.F.);
#2155=ORIENTED_EDGE('',*,*,#2537,.F.);
#2156=ORIENTED_EDGE('',*,*,#2571,.F.);
#2157=ORIENTED_EDGE('',*,*,#2572,.F.);
#2158=ORIENTED_EDGE('',*,*,#2573,.F.);
#2159=ORIENTED_EDGE('',*,*,#2573,.T.);
#2160=ORIENTED_EDGE('',*,*,#2574,.T.);
#2161=ORIENTED_EDGE('',*,*,#2575,.F.);
#2162=ORIENTED_EDGE('',*,*,#2538,.T.);
#2163=ORIENTED_EDGE('',*,*,#2576,.T.);
#2164=ORIENTED_EDGE('',*,*,#2577,.T.);
#2165=ORIENTED_EDGE('',*,*,#2578,.T.);
#2166=ORIENTED_EDGE('',*,*,#2539,.T.);
#2167=ORIENTED_EDGE('',*,*,#2575,.T.);
#2168=ORIENTED_EDGE('',*,*,#2579,.T.);
#2169=ORIENTED_EDGE('',*,*,#2580,.T.);
#2170=ORIENTED_EDGE('',*,*,#2581,.T.);
#2171=ORIENTED_EDGE('',*,*,#2582,.T.);
#2172=ORIENTED_EDGE('',*,*,#2583,.T.);
#2173=ORIENTED_EDGE('',*,*,#2584,.T.);
#2174=ORIENTED_EDGE('',*,*,#2585,.T.);
#2175=ORIENTED_EDGE('',*,*,#2540,.T.);
#2176=ORIENTED_EDGE('',*,*,#2578,.F.);
#2177=ORIENTED_EDGE('',*,*,#2586,.F.);
#2178=ORIENTED_EDGE('',*,*,#2546,.T.);
#2179=ORIENTED_EDGE('',*,*,#2587,.T.);
#2180=ORIENTED_EDGE('',*,*,#2588,.F.);
#2181=ORIENTED_EDGE('',*,*,#2542,.T.);
#2182=ORIENTED_EDGE('',*,*,#2589,.F.);
#2183=ORIENTED_EDGE('',*,*,#2590,.T.);
#2184=ORIENTED_EDGE('',*,*,#2591,.T.);
#2185=ORIENTED_EDGE('',*,*,#2592,.T.);
#2186=ORIENTED_EDGE('',*,*,#2562,.T.);
#2187=ORIENTED_EDGE('',*,*,#2593,.T.);
#2188=ORIENTED_EDGE('',*,*,#2594,.T.);
#2189=ORIENTED_EDGE('',*,*,#2595,.T.);
#2190=ORIENTED_EDGE('',*,*,#2596,.T.);
#2191=ORIENTED_EDGE('',*,*,#2543,.T.);
#2192=ORIENTED_EDGE('',*,*,#2588,.T.);
#2193=ORIENTED_EDGE('',*,*,#2596,.F.);
#2194=ORIENTED_EDGE('',*,*,#2597,.F.);
#2195=ORIENTED_EDGE('',*,*,#2553,.F.);
#2196=ORIENTED_EDGE('',*,*,#2544,.T.);
#2197=ORIENTED_EDGE('',*,*,#2598,.F.);
#2198=ORIENTED_EDGE('',*,*,#2599,.T.);
#2199=ORIENTED_EDGE('',*,*,#2547,.T.);
#2200=ORIENTED_EDGE('',*,*,#2600,.F.);
#2201=ORIENTED_EDGE('',*,*,#2548,.T.);
#2202=ORIENTED_EDGE('',*,*,#2601,.T.);
#2203=ORIENTED_EDGE('',*,*,#2602,.F.);
#2204=ORIENTED_EDGE('',*,*,#2603,.F.);
#2205=ORIENTED_EDGE('',*,*,#2604,.F.);
#2206=ORIENTED_EDGE('',*,*,#2605,.F.);
#2207=ORIENTED_EDGE('',*,*,#2549,.T.);
#2208=ORIENTED_EDGE('',*,*,#2606,.T.);
#2209=ORIENTED_EDGE('',*,*,#2550,.T.);
#2210=ORIENTED_EDGE('',*,*,#2607,.T.);
#2211=ORIENTED_EDGE('',*,*,#2584,.F.);
#2212=ORIENTED_EDGE('',*,*,#2608,.T.);
#2213=ORIENTED_EDGE('',*,*,#2609,.T.);
#2214=ORIENTED_EDGE('',*,*,#2589,.T.);
#2215=ORIENTED_EDGE('',*,*,#2551,.T.);
#2216=ORIENTED_EDGE('',*,*,#2608,.F.);
#2217=ORIENTED_EDGE('',*,*,#2583,.F.);
#2218=ORIENTED_EDGE('',*,*,#2610,.F.);
#2219=ORIENTED_EDGE('',*,*,#2611,.T.);
#2220=ORIENTED_EDGE('',*,*,#2566,.F.);
#2221=ORIENTED_EDGE('',*,*,#2595,.F.);
#2222=ORIENTED_EDGE('',*,*,#2612,.T.);
#2223=ORIENTED_EDGE('',*,*,#2554,.F.);
#2224=ORIENTED_EDGE('',*,*,#2597,.T.);
#2225=ORIENTED_EDGE('',*,*,#2594,.F.);
#2226=ORIENTED_EDGE('',*,*,#2613,.T.);
#2227=ORIENTED_EDGE('',*,*,#2555,.F.);
#2228=ORIENTED_EDGE('',*,*,#2612,.F.);
#2229=ORIENTED_EDGE('',*,*,#2593,.F.);
#2230=ORIENTED_EDGE('',*,*,#2561,.F.);
#2231=ORIENTED_EDGE('',*,*,#2556,.F.);
#2232=ORIENTED_EDGE('',*,*,#2613,.F.);
#2233=ORIENTED_EDGE('',*,*,#2592,.F.);
#2234=ORIENTED_EDGE('',*,*,#2587,.F.);
#2235=ORIENTED_EDGE('',*,*,#2614,.F.);
#2236=ORIENTED_EDGE('',*,*,#2563,.F.);
#2237=ORIENTED_EDGE('',*,*,#2564,.F.);
#2238=ORIENTED_EDGE('',*,*,#2614,.T.);
#2239=ORIENTED_EDGE('',*,*,#2591,.F.);
#2240=ORIENTED_EDGE('',*,*,#2615,.F.);
#2241=ORIENTED_EDGE('',*,*,#2609,.F.);
#2242=ORIENTED_EDGE('',*,*,#2565,.F.);
#2243=ORIENTED_EDGE('',*,*,#2615,.T.);
#2244=ORIENTED_EDGE('',*,*,#2590,.F.);
#2245=ORIENTED_EDGE('',*,*,#2611,.F.);
#2246=ORIENTED_EDGE('',*,*,#2616,.F.);
#2247=ORIENTED_EDGE('',*,*,#2617,.F.);
#2248=ORIENTED_EDGE('',*,*,#2567,.F.);
#2249=ORIENTED_EDGE('',*,*,#2618,.F.);
#2250=ORIENTED_EDGE('',*,*,#2568,.F.);
#2251=ORIENTED_EDGE('',*,*,#2619,.F.);
#2252=ORIENTED_EDGE('',*,*,#2620,.T.);
#2253=ORIENTED_EDGE('',*,*,#2621,.T.);
#2254=ORIENTED_EDGE('',*,*,#2569,.T.);
#2255=ORIENTED_EDGE('',*,*,#2618,.T.);
#2256=ORIENTED_EDGE('',*,*,#2622,.T.);
#2257=ORIENTED_EDGE('',*,*,#2580,.F.);
#2258=ORIENTED_EDGE('',*,*,#2623,.T.);
#2259=ORIENTED_EDGE('',*,*,#2624,.T.);
#2260=ORIENTED_EDGE('',*,*,#2624,.F.);
#2261=ORIENTED_EDGE('',*,*,#2625,.T.);
#2262=ORIENTED_EDGE('',*,*,#2626,.F.);
#2263=ORIENTED_EDGE('',*,*,#2627,.F.);
#2264=ORIENTED_EDGE('',*,*,#2570,.T.);
#2265=ORIENTED_EDGE('',*,*,#2628,.F.);
#2266=ORIENTED_EDGE('',*,*,#2629,.F.);
#2267=ORIENTED_EDGE('',*,*,#2572,.T.);
#2268=ORIENTED_EDGE('',*,*,#2627,.T.);
#2269=ORIENTED_EDGE('',*,*,#2574,.F.);
#2270=ORIENTED_EDGE('',*,*,#2629,.T.);
#2271=ORIENTED_EDGE('',*,*,#2630,.T.);
#2272=ORIENTED_EDGE('',*,*,#2631,.F.);
#2273=ORIENTED_EDGE('',*,*,#2602,.T.);
#2274=ORIENTED_EDGE('',*,*,#2632,.T.);
#2275=ORIENTED_EDGE('',*,*,#2633,.T.);
#2276=ORIENTED_EDGE('',*,*,#2576,.F.);
#2277=ORIENTED_EDGE('',*,*,#2634,.T.);
#2278=ORIENTED_EDGE('',*,*,#2635,.T.);
#2279=ORIENTED_EDGE('',*,*,#2633,.F.);
#2280=ORIENTED_EDGE('',*,*,#2636,.F.);
#2281=ORIENTED_EDGE('',*,*,#2637,.T.);
#2282=ORIENTED_EDGE('',*,*,#2638,.T.);
#2283=ORIENTED_EDGE('',*,*,#2577,.F.);
#2284=ORIENTED_EDGE('',*,*,#2623,.F.);
#2285=ORIENTED_EDGE('',*,*,#2579,.F.);
#2286=ORIENTED_EDGE('',*,*,#2631,.T.);
#2287=ORIENTED_EDGE('',*,*,#2639,.T.);
#2288=ORIENTED_EDGE('',*,*,#2625,.F.);
#2289=ORIENTED_EDGE('',*,*,#2622,.F.);
#2290=ORIENTED_EDGE('',*,*,#2621,.F.);
#2291=ORIENTED_EDGE('',*,*,#2640,.T.);
#2292=ORIENTED_EDGE('',*,*,#2641,.T.);
#2293=ORIENTED_EDGE('',*,*,#2581,.F.);
#2294=ORIENTED_EDGE('',*,*,#2610,.T.);
#2295=ORIENTED_EDGE('',*,*,#2582,.F.);
#2296=ORIENTED_EDGE('',*,*,#2642,.F.);
#2297=ORIENTED_EDGE('',*,*,#2616,.T.);
#2298=ORIENTED_EDGE('',*,*,#2634,.F.);
#2299=ORIENTED_EDGE('',*,*,#2585,.F.);
#2300=ORIENTED_EDGE('',*,*,#2643,.T.);
#2301=ORIENTED_EDGE('',*,*,#2644,.T.);
#2302=ORIENTED_EDGE('',*,*,#2645,.F.);
#2303=ORIENTED_EDGE('',*,*,#2646,.F.);
#2304=ORIENTED_EDGE('',*,*,#2600,.T.);
#2305=ORIENTED_EDGE('',*,*,#2586,.T.);
#2306=ORIENTED_EDGE('',*,*,#2638,.F.);
#2307=ORIENTED_EDGE('',*,*,#2598,.T.);
#2308=ORIENTED_EDGE('',*,*,#2646,.T.);
#2309=ORIENTED_EDGE('',*,*,#2637,.F.);
#2310=ORIENTED_EDGE('',*,*,#2647,.F.);
#2311=ORIENTED_EDGE('',*,*,#2632,.F.);
#2312=ORIENTED_EDGE('',*,*,#2601,.F.);
#2313=ORIENTED_EDGE('',*,*,#2599,.F.);
#2314=ORIENTED_EDGE('',*,*,#2647,.T.);
#2315=ORIENTED_EDGE('',*,*,#2636,.T.);
#2316=ORIENTED_EDGE('',*,*,#2635,.F.);
#2317=ORIENTED_EDGE('',*,*,#2645,.T.);
#2318=ORIENTED_EDGE('',*,*,#2648,.F.);
#2319=ORIENTED_EDGE('',*,*,#2606,.F.);
#2320=ORIENTED_EDGE('',*,*,#2603,.T.);
#2321=ORIENTED_EDGE('',*,*,#2604,.T.);
#2322=ORIENTED_EDGE('',*,*,#2648,.T.);
#2323=ORIENTED_EDGE('',*,*,#2644,.F.);
#2324=ORIENTED_EDGE('',*,*,#2649,.F.);
#2325=ORIENTED_EDGE('',*,*,#2607,.F.);
#2326=ORIENTED_EDGE('',*,*,#2605,.T.);
#2327=ORIENTED_EDGE('',*,*,#2649,.T.);
#2328=ORIENTED_EDGE('',*,*,#2643,.F.);
#2329=ORIENTED_EDGE('',*,*,#2650,.F.);
#2330=ORIENTED_EDGE('',*,*,#2619,.T.);
#2331=ORIENTED_EDGE('',*,*,#2617,.T.);
#2332=ORIENTED_EDGE('',*,*,#2651,.F.);
#2333=ORIENTED_EDGE('',*,*,#2652,.T.);
#2334=ORIENTED_EDGE('',*,*,#2640,.F.);
#2335=ORIENTED_EDGE('',*,*,#2620,.F.);
#2336=ORIENTED_EDGE('',*,*,#2650,.T.);
#2337=ORIENTED_EDGE('',*,*,#2628,.T.);
#2338=ORIENTED_EDGE('',*,*,#2626,.T.);
#2339=ORIENTED_EDGE('',*,*,#2639,.F.);
#2340=ORIENTED_EDGE('',*,*,#2630,.F.);
#2341=ORIENTED_EDGE('',*,*,#2652,.F.);
#2342=ORIENTED_EDGE('',*,*,#2651,.T.);
#2343=ORIENTED_EDGE('',*,*,#2642,.T.);
#2344=ORIENTED_EDGE('',*,*,#2641,.F.);
#2345=ORIENTED_EDGE('',*,*,#2653,.T.);
#2346=ORIENTED_EDGE('',*,*,#2654,.T.);
#2347=ORIENTED_EDGE('',*,*,#2655,.T.);
#2348=ORIENTED_EDGE('',*,*,#2656,.T.);
#2349=ORIENTED_EDGE('',*,*,#2657,.T.);
#2350=ORIENTED_EDGE('',*,*,#2657,.F.);
#2351=ORIENTED_EDGE('',*,*,#2658,.F.);
#2352=ORIENTED_EDGE('',*,*,#2659,.T.);
#2353=ORIENTED_EDGE('',*,*,#2660,.T.);
#2354=ORIENTED_EDGE('',*,*,#2653,.F.);
#2355=ORIENTED_EDGE('',*,*,#2661,.F.);
#2356=ORIENTED_EDGE('',*,*,#2662,.T.);
#2357=ORIENTED_EDGE('',*,*,#2663,.T.);
#2358=ORIENTED_EDGE('',*,*,#2654,.F.);
#2359=ORIENTED_EDGE('',*,*,#2660,.F.);
#2360=ORIENTED_EDGE('',*,*,#2664,.F.);
#2361=ORIENTED_EDGE('',*,*,#2665,.T.);
#2362=ORIENTED_EDGE('',*,*,#2666,.F.);
#2363=ORIENTED_EDGE('',*,*,#2667,.F.);
#2364=ORIENTED_EDGE('',*,*,#2668,.T.);
#2365=ORIENTED_EDGE('',*,*,#2669,.T.);
#2366=ORIENTED_EDGE('',*,*,#2655,.F.);
#2367=ORIENTED_EDGE('',*,*,#2663,.F.);
#2368=ORIENTED_EDGE('',*,*,#2670,.T.);
#2369=ORIENTED_EDGE('',*,*,#2671,.T.);
#2370=ORIENTED_EDGE('',*,*,#2672,.F.);
#2371=ORIENTED_EDGE('',*,*,#2673,.F.);
#2372=ORIENTED_EDGE('',*,*,#2674,.F.);
#2373=ORIENTED_EDGE('',*,*,#2661,.T.);
#2374=ORIENTED_EDGE('',*,*,#2656,.F.);
#2375=ORIENTED_EDGE('',*,*,#2669,.F.);
#2376=ORIENTED_EDGE('',*,*,#2658,.T.);
#2377=ORIENTED_EDGE('',*,*,#2675,.F.);
#2378=ORIENTED_EDGE('',*,*,#2664,.T.);
#2379=ORIENTED_EDGE('',*,*,#2659,.F.);
#2380=ORIENTED_EDGE('',*,*,#2674,.T.);
#2381=ORIENTED_EDGE('',*,*,#2662,.F.);
#2382=ORIENTED_EDGE('',*,*,#2676,.F.);
#2383=ORIENTED_EDGE('',*,*,#2670,.F.);
#2384=ORIENTED_EDGE('',*,*,#2668,.F.);
#2385=ORIENTED_EDGE('',*,*,#2675,.T.);
#2386=ORIENTED_EDGE('',*,*,#2673,.T.);
#2387=ORIENTED_EDGE('',*,*,#2677,.F.);
#2388=ORIENTED_EDGE('',*,*,#2665,.F.);
#2389=ORIENTED_EDGE('',*,*,#2672,.T.);
#2390=ORIENTED_EDGE('',*,*,#2678,.T.);
#2391=ORIENTED_EDGE('',*,*,#2666,.T.);
#2392=ORIENTED_EDGE('',*,*,#2677,.T.);
#2393=ORIENTED_EDGE('',*,*,#2679,.T.);
#2394=ORIENTED_EDGE('',*,*,#2676,.T.);
#2395=ORIENTED_EDGE('',*,*,#2667,.T.);
#2396=ORIENTED_EDGE('',*,*,#2678,.F.);
#2397=ORIENTED_EDGE('',*,*,#2671,.F.);
#2398=ORIENTED_EDGE('',*,*,#2679,.F.);
#2399=ORIENTED_EDGE('',*,*,#2680,.F.);
#2400=ORIENTED_EDGE('',*,*,#2680,.T.);
#2401=EDGE_CURVE('',#2681,#2682,#2683,.F.);
#2402=EDGE_CURVE('',#2682,#2684,#2685,.F.);
#2403=EDGE_CURVE('',#2684,#2686,#2687,.F.);
#2404=EDGE_CURVE('',#2688,#2686,#2689,.T.);
#2405=EDGE_CURVE('',#2688,#2690,#2691,.T.);
#2406=EDGE_CURVE('',#2681,#2690,#2692,.T.);
#2407=EDGE_CURVE('',#2693,#2694,#2695,.F.);
#2408=EDGE_CURVE('',#2694,#2696,#2697,.F.);
#2409=EDGE_CURVE('',#2696,#2698,#2699,.F.);
#2410=EDGE_CURVE('',#2700,#2698,#2701,.T.);
#2411=EDGE_CURVE('',#2700,#2702,#2703,.T.);
#2412=EDGE_CURVE('',#2693,#2702,#2704,.T.);
#2413=EDGE_CURVE('',#2686,#2705,#2706,.T.);
#2414=EDGE_CURVE('',#2705,#2707,#2708,.T.);
#2415=EDGE_CURVE('',#2707,#2709,#2710,.F.);
#2416=EDGE_CURVE('',#2709,#2711,#2712,.T.);
#2417=EDGE_CURVE('',#2711,#2713,#2714,.F.);
#2418=EDGE_CURVE('',#2713,#2715,#2716,.T.);
#2419=EDGE_CURVE('',#2715,#2688,#2717,.F.);
#2420=EDGE_CURVE('',#2718,#2681,#2719,.T.);
#2421=EDGE_CURVE('',#2690,#2720,#2721,.F.);
#2422=EDGE_CURVE('',#2722,#2720,#2723,.T.);
#2423=EDGE_CURVE('',#2722,#2724,#2725,.T.);
#2424=EDGE_CURVE('',#2726,#2724,#2727,.T.);
#2425=EDGE_CURVE('',#2726,#2728,#2729,.F.);
#2426=EDGE_CURVE('',#2728,#2718,#2730,.T.);
#2427=EDGE_CURVE('',#2731,#2718,#2732,.T.);
#2428=EDGE_CURVE('',#2728,#2733,#2734,.T.);
#2429=EDGE_CURVE('',#2733,#2735,#2736,.T.);
#2430=EDGE_CURVE('',#2737,#2735,#2738,.T.);
#2431=EDGE_CURVE('',#2739,#2737,#2740,.T.);
#2432=EDGE_CURVE('',#2739,#2741,#2742,.T.);
#2433=EDGE_CURVE('',#2741,#2743,#2744,.T.);
#2434=EDGE_CURVE('',#2743,#2745,#2746,.T.);
#2435=EDGE_CURVE('',#2745,#2747,#2748,.T.);
#2436=EDGE_CURVE('',#2747,#2749,#2750,.T.);
#2437=EDGE_CURVE('',#2751,#2749,#2752,.T.);
#2438=EDGE_CURVE('',#2751,#2707,#2753,.F.);
#2439=EDGE_CURVE('',#2705,#2754,#2755,.T.);
#2440=EDGE_CURVE('',#2754,#2731,#2756,.T.);
#2441=EDGE_CURVE('',#2698,#2743,#2757,.T.);
#2442=EDGE_CURVE('',#2741,#2758,#2759,.F.);
#2443=EDGE_CURVE('',#2760,#2758,#2761,.T.);
#2444=EDGE_CURVE('',#2760,#2762,#2763,.T.);
#2445=EDGE_CURVE('',#2764,#2762,#2765,.T.);
#2446=EDGE_CURVE('',#2764,#2700,#2766,.F.);
#2447=EDGE_CURVE('',#2749,#2693,#2767,.T.);
#2448=EDGE_CURVE('',#2702,#2768,#2769,.F.);
#2449=EDGE_CURVE('',#2768,#2770,#2771,.T.);
#2450=EDGE_CURVE('',#2770,#2772,#2773,.F.);
#2451=EDGE_CURVE('',#2772,#2774,#2775,.T.);
#2452=EDGE_CURVE('',#2774,#2751,#2776,.F.);
#2453=EDGE_CURVE('',#2745,#2696,#2777,.T.);
#2454=EDGE_CURVE('',#2747,#2694,#2778,.T.);
#2455=EDGE_CURVE('',#2754,#2684,#2779,.T.);
#2456=EDGE_CURVE('',#2731,#2682,#2780,.T.);
#2457=EDGE_CURVE('',#2781,#2764,#2782,.T.);
#2458=EDGE_CURVE('',#2783,#2781,#2784,.T.);
#2459=EDGE_CURVE('',#2785,#2783,#2786,.F.);
#2460=EDGE_CURVE('',#2787,#2785,#2788,.T.);
#2461=EDGE_CURVE('',#2720,#2787,#2789,.T.);
#2462=EDGE_CURVE('',#2768,#2715,#2790,.F.);
#2463=EDGE_CURVE('',#2709,#2774,#2791,.F.);
#2464=EDGE_CURVE('',#2711,#2772,#2792,.F.);
#2465=EDGE_CURVE('',#2770,#2713,#2793,.F.);
#2466=EDGE_CURVE('',#2787,#2794,#2795,.T.);
#2467=EDGE_CURVE('',#2722,#2794,#2796,.T.);
#2468=EDGE_CURVE('',#2797,#2798,#2799,.T.);
#2469=EDGE_CURVE('',#2798,#2800,#2801,.T.);
#2470=EDGE_CURVE('',#2800,#2762,#2802,.T.);
#2471=EDGE_CURVE('',#2760,#2803,#2804,.T.);
#2472=EDGE_CURVE('',#2803,#2805,#2806,.T.);
#2473=EDGE_CURVE('',#2805,#2807,#2808,.T.);
#2474=EDGE_CURVE('',#2807,#2809,#2810,.T.);
#2475=EDGE_CURVE('',#2809,#2724,#2811,.T.);
#2476=EDGE_CURVE('',#2794,#2797,#2812,.T.);
#2477=EDGE_CURVE('',#2813,#2809,#2814,.T.);
#2478=EDGE_CURVE('',#2813,#2726,#2815,.T.);
#2479=EDGE_CURVE('',#2733,#2813,#2816,.T.);
#2480=EDGE_CURVE('',#2735,#2817,#2818,.F.);
#2481=EDGE_CURVE('',#2733,#2819,#2820,.T.);
#2482=EDGE_CURVE('',#2819,#2821,#2822,.T.);
#2483=EDGE_CURVE('',#2817,#2821,#2823,.F.);
#2484=EDGE_CURVE('',#2817,#2807,#2824,.T.);
#2485=EDGE_CURVE('',#2805,#2825,#2826,.F.);
#2486=EDGE_CURVE('',#2825,#2737,#2827,.T.);
#2487=EDGE_CURVE('',#2828,#2825,#2829,.T.);
#2488=EDGE_CURVE('',#2830,#2828,#2831,.T.);
#2489=EDGE_CURVE('',#2830,#2739,#2832,.T.);
#2490=EDGE_CURVE('',#2833,#2739,#2834,.T.);
#2491=EDGE_CURVE('',#2758,#2833,#2835,.T.);
#2492=EDGE_CURVE('',#2833,#2803,#2836,.T.);
#2493=EDGE_CURVE('',#2781,#2800,#2837,.T.);
#2494=EDGE_CURVE('',#2838,#2839,#2840,.T.);
#2495=EDGE_CURVE('',#2783,#2838,#2841,.T.);
#2496=EDGE_CURVE('',#2781,#2839,#2842,.F.);
#2497=EDGE_CURVE('',#2783,#2843,#2844,.T.);
#2498=EDGE_CURVE('',#2845,#2843,#2846,.T.);
#2499=EDGE_CURVE('',#2785,#2845,#2847,.T.);
#2500=EDGE_CURVE('',#2848,#2849,#2850,.T.);
#2501=EDGE_CURVE('',#2848,#2787,#2851,.T.);
#2502=EDGE_CURVE('',#2849,#2785,#2852,.T.);
#2503=EDGE_CURVE('',#2848,#2853,#2854,.T.);
#2504=EDGE_CURVE('',#2853,#2794,#2855,.F.);
#2505=EDGE_CURVE('',#2843,#2856,#2857,.F.);
#2506=EDGE_CURVE('',#2856,#2798,#2858,.T.);
#2507=EDGE_CURVE('',#2797,#2859,#2860,.F.);
#2508=EDGE_CURVE('',#2859,#2845,#2861,.T.);
#2509=EDGE_CURVE('',#2856,#2862,#2863,.F.);
#2510=EDGE_CURVE('',#2862,#2864,#2865,.T.);
#2511=EDGE_CURVE('',#2800,#2864,#2866,.F.);
#2512=EDGE_CURVE('',#2867,#2803,#2868,.F.);
#2513=EDGE_CURVE('',#2867,#2828,#2869,.T.);
#2514=EDGE_CURVE('',#2821,#2870,#2871,.T.);
#2515=EDGE_CURVE('',#2809,#2870,#2872,.F.);
#2516=EDGE_CURVE('',#2853,#2873,#2874,.T.);
#2517=EDGE_CURVE('',#2873,#2859,#2875,.T.);
#2518=EDGE_CURVE('',#2876,#2870,#2877,.T.);
#2519=EDGE_CURVE('',#2813,#2876,#2878,.F.);
#2520=EDGE_CURVE('',#2819,#2876,#2879,.T.);
#2521=EDGE_CURVE('',#2880,#2867,#2881,.T.);
#2522=EDGE_CURVE('',#2880,#2830,#2882,.T.);
#2523=EDGE_CURVE('',#2880,#2833,#2883,.T.);
#2524=EDGE_CURVE('',#2839,#2864,#2884,.T.);
#2525=EDGE_CURVE('',#2838,#2862,#2885,.T.);
#2526=EDGE_CURVE('',#2849,#2873,#2886,.T.);
#2527=EDGE_CURVE('',#2887,#2888,#2889,.T.);
#2528=EDGE_CURVE('',#2890,#2888,#2891,.T.);
#2529=EDGE_CURVE('',#2890,#2892,#2893,.T.);
#2530=EDGE_CURVE('',#2894,#2892,#2895,.T.);
#2531=EDGE_CURVE('',#2894,#2896,#2897,.T.);
#2532=EDGE_CURVE('',#2896,#2887,#2898,.T.);
#2533=EDGE_CURVE('',#2899,#2900,#2901,.F.);
#2534=EDGE_CURVE('',#2888,#2899,#2902,.F.);
#2535=EDGE_CURVE('',#2900,#2887,#2903,.T.);
#2536=EDGE_CURVE('',#2899,#2904,#2905,.T.);
#2537=EDGE_CURVE('',#2904,#2906,#2907,.F.);
#2538=EDGE_CURVE('',#2908,#2906,#2909,.T.);
#2539=EDGE_CURVE('',#2910,#2908,#2911,.T.);
#2540=EDGE_CURVE('',#2912,#2910,#2913,.T.);
#2541=EDGE_CURVE('',#2912,#2890,#2914,.F.);
#2542=EDGE_CURVE('',#2915,#2916,#2917,.T.);
#2543=EDGE_CURVE('',#2918,#2915,#2919,.F.);
#2544=EDGE_CURVE('',#2920,#2918,#2921,.F.);
#2545=EDGE_CURVE('',#2892,#2920,#2922,.F.);
#2546=EDGE_CURVE('',#2923,#2912,#2924,.T.);
#2547=EDGE_CURVE('',#2925,#2923,#2926,.T.);
#2548=EDGE_CURVE('',#2927,#2925,#2928,.F.);
#2549=EDGE_CURVE('',#2929,#2927,#2930,.T.);
#2550=EDGE_CURVE('',#2931,#2929,#2932,.T.);
#2551=EDGE_CURVE('',#2916,#2931,#2933,.F.);
#2552=EDGE_CURVE('',#2934,#2894,#2935,.F.);
#2553=EDGE_CURVE('',#2920,#2936,#2937,.T.);
#2554=EDGE_CURVE('',#2936,#2938,#2939,.F.);
#2555=EDGE_CURVE('',#2938,#2940,#2941,.T.);
#2556=EDGE_CURVE('',#2940,#2942,#2943,.F.);
#2557=EDGE_CURVE('',#2942,#2934,#2944,.T.);
#2558=EDGE_CURVE('',#2945,#2934,#2946,.F.);
#2559=EDGE_CURVE('',#2945,#2896,#2947,.T.);
#2560=EDGE_CURVE('',#2900,#2945,#2948,.F.);
#2561=EDGE_CURVE('',#2942,#2949,#2950,.F.);
#2562=EDGE_CURVE('',#2951,#2949,#2952,.T.);
#2563=EDGE_CURVE('',#2951,#2953,#2954,.F.);
#2564=EDGE_CURVE('',#2953,#2955,#2956,.F.);
#2565=EDGE_CURVE('',#2955,#2957,#2958,.F.);
#2566=EDGE_CURVE('',#2957,#2959,#2960,.T.);
#2567=EDGE_CURVE('',#2959,#2961,#2962,.T.);
#2568=EDGE_CURVE('',#2961,#2963,#2964,.T.);
#2569=EDGE_CURVE('',#2965,#2963,#2966,.T.);
#2570=EDGE_CURVE('',#2967,#2965,#2968,.T.);
#2571=EDGE_CURVE('',#2967,#2904,#2969,.T.);
#2572=EDGE_CURVE('',#2970,#2967,#2971,.T.);
#2573=EDGE_CURVE('',#2906,#2970,#2972,.T.);
#2574=EDGE_CURVE('',#2970,#2973,#2974,.T.);
#2575=EDGE_CURVE('',#2908,#2973,#2975,.T.);
#2576=EDGE_CURVE('',#2976,#2977,#2978,.T.);
#2577=EDGE_CURVE('',#2977,#2979,#2980,.T.);
#2578=EDGE_CURVE('',#2979,#2910,#2981,.T.);
#2579=EDGE_CURVE('',#2973,#2982,#2983,.T.);
#2580=EDGE_CURVE('',#2982,#2984,#2985,.T.);
#2581=EDGE_CURVE('',#2984,#2986,#2987,.T.);
#2582=EDGE_CURVE('',#2986,#2988,#2989,.T.);
#2583=EDGE_CURVE('',#2988,#2990,#2991,.T.);
#2584=EDGE_CURVE('',#2990,#2992,#2993,.T.);
#2585=EDGE_CURVE('',#2992,#2976,#2994,.T.);
#2586=EDGE_CURVE('',#2923,#2979,#2995,.T.);
#2587=EDGE_CURVE('',#2996,#2997,#2998,.T.);
#2588=EDGE_CURVE('',#2915,#2997,#2999,.T.);
#2589=EDGE_CURVE('',#3000,#2916,#3001,.T.);
#2590=EDGE_CURVE('',#3000,#3002,#3003,.T.);
#2591=EDGE_CURVE('',#3002,#2996,#3004,.T.);
#2592=EDGE_CURVE('',#2997,#2951,#3005,.F.);
#2593=EDGE_CURVE('',#2949,#3006,#3007,.F.);
#2594=EDGE_CURVE('',#3006,#3008,#3009,.T.);
#2595=EDGE_CURVE('',#3008,#3010,#3011,.F.);
#2596=EDGE_CURVE('',#3010,#2918,#3012,.T.);
#2597=EDGE_CURVE('',#2936,#3010,#3013,.F.);
#2598=EDGE_CURVE('',#3014,#3015,#3016,.T.);
#2599=EDGE_CURVE('',#3014,#2925,#3017,.T.);
#2600=EDGE_CURVE('',#3015,#2923,#3018,.T.);
#2601=EDGE_CURVE('',#2925,#3019,#3020,.T.);
#2602=EDGE_CURVE('',#3021,#3019,#3022,.T.);
#2603=EDGE_CURVE('',#2927,#3021,#3023,.T.);
#2604=EDGE_CURVE('',#3024,#3025,#3026,.T.);
#2605=EDGE_CURVE('',#2929,#3024,#3027,.T.);
#2606=EDGE_CURVE('',#2927,#3025,#3028,.F.);
#2607=EDGE_CURVE('',#2929,#2992,#3029,.T.);
#2608=EDGE_CURVE('',#2990,#2931,#3030,.T.);
#2609=EDGE_CURVE('',#2957,#3000,#3031,.F.);
#2610=EDGE_CURVE('',#3032,#2988,#3033,.T.);
#2611=EDGE_CURVE('',#3032,#2959,#3034,.F.);
#2612=EDGE_CURVE('',#3008,#2938,#3035,.F.);
#2613=EDGE_CURVE('',#3006,#2940,#3036,.F.);
#2614=EDGE_CURVE('',#2953,#2996,#3037,.T.);
#2615=EDGE_CURVE('',#2955,#3002,#3038,.T.);
#2616=EDGE_CURVE('',#3039,#3032,#3040,.T.);
#2617=EDGE_CURVE('',#2961,#3039,#3041,.T.);
#2618=EDGE_CURVE('',#2963,#3042,#3043,.F.);
#2619=EDGE_CURVE('',#3044,#2961,#3045,.T.);
#2620=EDGE_CURVE('',#3044,#3046,#3047,.T.);
#2621=EDGE_CURVE('',#3046,#3042,#3048,.F.);
#2622=EDGE_CURVE('',#3042,#2984,#3049,.T.);
#2623=EDGE_CURVE('',#2982,#3050,#3051,.F.);
#2624=EDGE_CURVE('',#3050,#2965,#3052,.T.);
#2625=EDGE_CURVE('',#3050,#3053,#3054,.F.);
#2626=EDGE_CURVE('',#3055,#3053,#3056,.T.);
#2627=EDGE_CURVE('',#2967,#3055,#3057,.F.);
#2628=EDGE_CURVE('',#3058,#3055,#3059,.T.);
#2629=EDGE_CURVE('',#2970,#3058,#3060,.T.);
#2630=EDGE_CURVE('',#3058,#3061,#3062,.T.);
#2631=EDGE_CURVE('',#2973,#3061,#3063,.F.);
#2632=EDGE_CURVE('',#3019,#3064,#3065,.F.);
#2633=EDGE_CURVE('',#3064,#2977,#3066,.T.);
#2634=EDGE_CURVE('',#2976,#3067,#3068,.F.);
#2635=EDGE_CURVE('',#3067,#3021,#3069,.T.);
#2636=EDGE_CURVE('',#3070,#3064,#3071,.F.);
#2637=EDGE_CURVE('',#3070,#3072,#3073,.T.);
#2638=EDGE_CURVE('',#3072,#2979,#3074,.T.);
#2639=EDGE_CURVE('',#3061,#3053,#3075,.T.);
#2640=EDGE_CURVE('',#3046,#3076,#3077,.T.);
#2641=EDGE_CURVE('',#3076,#2986,#3078,.T.);
#2642=EDGE_CURVE('',#3039,#2986,#3079,.T.);
#2643=EDGE_CURVE('',#2992,#3080,#3081,.F.);
#2644=EDGE_CURVE('',#3080,#3082,#3083,.T.);
#2645=EDGE_CURVE('',#3067,#3082,#3084,.F.);
#2646=EDGE_CURVE('',#3015,#3072,#3085,.T.);
#2647=EDGE_CURVE('',#3014,#3070,#3086,.T.);
#2648=EDGE_CURVE('',#3025,#3082,#3087,.T.);
#2649=EDGE_CURVE('',#3024,#3080,#3088,.T.);
#2650=EDGE_CURVE('',#3044,#3089,#3090,.T.);
#2651=EDGE_CURVE('',#3089,#3039,#3091,.T.);
#2652=EDGE_CURVE('',#3089,#3076,#3092,.T.);
#2653=EDGE_CURVE('',#3093,#3094,#3095,.T.);
#2654=EDGE_CURVE('',#3094,#3096,#3097,.T.);
#2655=EDGE_CURVE('',#3096,#3098,#3099,.T.);
#2656=EDGE_CURVE('',#3098,#3093,#3100,.T.);
#2657=EDGE_CURVE('',#3101,#3101,#3102,.F.);
#2658=EDGE_CURVE('',#3103,#3103,#3104,.T.);
#2659=EDGE_CURVE('',#3105,#3106,#3107,.T.);
#2660=EDGE_CURVE('',#3106,#3094,#3108,.T.);
#2661=EDGE_CURVE('',#3105,#3093,#3109,.T.);
#2662=EDGE_CURVE('',#3110,#3111,#3112,.T.);
#2663=EDGE_CURVE('',#3111,#3096,#3113,.T.);
#2664=EDGE_CURVE('',#3114,#3106,#3115,.T.);
#2665=EDGE_CURVE('',#3114,#3116,#3117,.T.);
#2666=EDGE_CURVE('',#3118,#3116,#3119,.T.);
#2667=EDGE_CURVE('',#3110,#3118,#3120,.T.);
#2668=EDGE_CURVE('',#3111,#3121,#3122,.T.);
#2669=EDGE_CURVE('',#3121,#3098,#3123,.T.);
#2670=EDGE_CURVE('',#3121,#3124,#3125,.T.);
#2671=EDGE_CURVE('',#3124,#3126,#3127,.T.);
#2672=EDGE_CURVE('',#3128,#3126,#3129,.T.);
#2673=EDGE_CURVE('',#3130,#3128,#3131,.T.);
#2674=EDGE_CURVE('',#3105,#3130,#3132,.T.);
#2675=EDGE_CURVE('',#3114,#3130,#3133,.T.);
#2676=EDGE_CURVE('',#3124,#3110,#3134,.T.);
#2677=EDGE_CURVE('',#3116,#3128,#3135,.T.);
#2678=EDGE_CURVE('',#3126,#3118,#3136,.T.);
#2679=EDGE_CURVE('',#3137,#3137,#3138,.F.);
#2680=EDGE_CURVE('',#3139,#3139,#3140,.T.);
#2681=VERTEX_POINT('',#3141);
#2682=VERTEX_POINT('',#3142);
#2683=LINE('',#3143,#3144);
#2684=VERTEX_POINT('',#3146);
#2685=LINE('',#3147,#3148);
#2686=VERTEX_POINT('',#3150);
#2687=LINE('',#3151,#3152);
#2688=VERTEX_POINT('',#3154);
#2689=LINE('',#3155,#3156);
#2690=VERTEX_POINT('',#3158);
#2691=LINE('',#3159,#3160);
#2692=LINE('',#3162,#3163);
#2693=VERTEX_POINT('',#3165);
#2694=VERTEX_POINT('',#3166);
#2695=LINE('',#3167,#3168);
#2696=VERTEX_POINT('',#3170);
#2697=LINE('',#3171,#3172);
#2698=VERTEX_POINT('',#3174);
#2699=LINE('',#3175,#3176);
#2700=VERTEX_POINT('',#3178);
#2701=LINE('',#3179,#3180);
#2702=VERTEX_POINT('',#3182);
#2703=LINE('',#3183,#3184);
#2704=LINE('',#3186,#3187);
#2705=VERTEX_POINT('',#3189);
#2706=LINE('',#3190,#3191);
#2707=VERTEX_POINT('',#3193);
#2708=LINE('',#3194,#3195);
#2709=VERTEX_POINT('',#3197);
#2710=LINE('',#3198,#3199);
#2711=VERTEX_POINT('',#3201);
#2712=LINE('',#3202,#3203);
#2713=VERTEX_POINT('',#3205);
#2714=LINE('',#3206,#3207);
#2715=VERTEX_POINT('',#3209);
#2716=LINE('',#3210,#3211);
#2717=LINE('',#3213,#3214);
#2718=VERTEX_POINT('',#3216);
#2719=LINE('',#3217,#3218);
#2720=VERTEX_POINT('',#3220);
#2721=LINE('',#3221,#3222);
#2722=VERTEX_POINT('',#3224);
#2723=LINE('',#3225,#3226);
#2724=VERTEX_POINT('',#3228);
#2725=LINE('',#3229,#3230);
#2726=VERTEX_POINT('',#3232);
#2727=LINE('',#3233,#3234);
#2728=VERTEX_POINT('',#3236);
#2729=LINE('',#3237,#3238);
#2730=LINE('',#3240,#3241);
#2731=VERTEX_POINT('',#3243);
#2732=LINE('',#3244,#3245);
#2733=VERTEX_POINT('',#3247);
#2734=LINE('',#3248,#3249);
#2735=VERTEX_POINT('',#3251);
#2736=LINE('',#3252,#3253);
#2737=VERTEX_POINT('',#3255);
#2738=LINE('',#3256,#3257);
#2739=VERTEX_POINT('',#3259);
#2740=LINE('',#3260,#3261);
#2741=VERTEX_POINT('',#3263);
#2742=LINE('',#3264,#3265);
#2743=VERTEX_POINT('',#3267);
#2744=LINE('',#3268,#3269);
#2745=VERTEX_POINT('',#3271);
#2746=LINE('',#3272,#3273);
#2747=VERTEX_POINT('',#3275);
#2748=LINE('',#3276,#3277);
#2749=VERTEX_POINT('',#3279);
#2750=LINE('',#3280,#3281);
#2751=VERTEX_POINT('',#3283);
#2752=LINE('',#3284,#3285);
#2753=LINE('',#3287,#3288);
#2754=VERTEX_POINT('',#3290);
#2755=LINE('',#3291,#3292);
#2756=LINE('',#3294,#3295);
#2757=LINE('',#3297,#3298);
#2758=VERTEX_POINT('',#3300);
#2759=LINE('',#3301,#3302);
#2760=VERTEX_POINT('',#3304);
#2761=LINE('',#3305,#3306);
#2762=VERTEX_POINT('',#3308);
#2763=LINE('',#3309,#3310);
#2764=VERTEX_POINT('',#3312);
#2765=LINE('',#3313,#3314);
#2766=LINE('',#3316,#3317);
#2767=LINE('',#3319,#3320);
#2768=VERTEX_POINT('',#3322);
#2769=LINE('',#3323,#3324);
#2770=VERTEX_POINT('',#3326);
#2771=LINE('',#3327,#3328);
#2772=VERTEX_POINT('',#3330);
#2773=LINE('',#3331,#3332);
#2774=VERTEX_POINT('',#3334);
#2775=LINE('',#3335,#3336);
#2776=LINE('',#3338,#3339);
#2777=LINE('',#3341,#3342);
#2778=LINE('',#3344,#3345);
#2779=LINE('',#3347,#3348);
#2780=LINE('',#3350,#3351);
#2781=VERTEX_POINT('',#3353);
#2782=LINE('',#3354,#3355);
#2783=VERTEX_POINT('',#3357);
#2784=LINE('',#3358,#3359);
#2785=VERTEX_POINT('',#3361);
#2786=LINE('',#3362,#3363);
#2787=VERTEX_POINT('',#3365);
#2788=LINE('',#3366,#3367);
#2789=LINE('',#3369,#3370);
#2790=LINE('',#3372,#3373);
#2791=LINE('',#3375,#3376);
#2792=LINE('',#3378,#3379);
#2793=LINE('',#3381,#3382);
#2794=VERTEX_POINT('',#3384);
#2795=LINE('',#3385,#3386);
#2796=LINE('',#3388,#3389);
#2797=VERTEX_POINT('',#3391);
#2798=VERTEX_POINT('',#3392);
#2799=LINE('',#3393,#3394);
#2800=VERTEX_POINT('',#3396);
#2801=LINE('',#3397,#3398);
#2802=LINE('',#3400,#3401);
#2803=VERTEX_POINT('',#3403);
#2804=LINE('',#3404,#3405);
#2805=VERTEX_POINT('',#3407);
#2806=LINE('',#3408,#3409);
#2807=VERTEX_POINT('',#3411);
#2808=LINE('',#3412,#3413);
#2809=VERTEX_POINT('',#3415);
#2810=LINE('',#3416,#3417);
#2811=LINE('',#3419,#3420);
#2812=LINE('',#3422,#3423);
#2813=VERTEX_POINT('',#3425);
#2814=LINE('',#3426,#3427);
#2815=LINE('',#3429,#3430);
#2816=LINE('',#3432,#3433);
#2817=VERTEX_POINT('',#3435);
#2818=(BOUNDED_CURVE()B_SPLINE_CURVE(3,
(#3436,#3437,#3438,#3439),
.UNSPECIFIED.,.F.,.F.)B_SPLINE_CURVE_WITH_KNOTS((4,4),
(0.,1.),
.UNSPECIFIED.)CURVE()GEOMETRIC_REPRESENTATION_ITEM()RATIONAL_B_SPLINE_CURVE((1.,
0.94925302167419,0.94925302167419,1.))REPRESENTATION_ITEM(''));
#2819=VERTEX_POINT('',#3440);
#2820=LINE('',#3441,#3442);
#2821=VERTEX_POINT('',#3444);
#2822=LINE('',#3445,#3446);
#2823=LINE('',#3448,#3449);
#2824=(BOUNDED_CURVE()B_SPLINE_CURVE(3,
(#3451,#3452,#3453,#3454),
.UNSPECIFIED.,.F.,.F.)B_SPLINE_CURVE_WITH_KNOTS((4,4),
(0.,1.),
.UNSPECIFIED.)CURVE()GEOMETRIC_REPRESENTATION_ITEM()RATIONAL_B_SPLINE_CURVE((1.,
0.949253021674192,0.949253021674192,1.))REPRESENTATION_ITEM(''));
#2825=VERTEX_POINT('',#3455);
#2826=(BOUNDED_CURVE()B_SPLINE_CURVE(3,
(#3456,#3457,#3458,#3459),
.UNSPECIFIED.,.F.,.F.)B_SPLINE_CURVE_WITH_KNOTS((4,4),
(0.,1.),
.UNSPECIFIED.)CURVE()GEOMETRIC_REPRESENTATION_ITEM()RATIONAL_B_SPLINE_CURVE((1.,
0.949253021674192,0.949253021674192,1.))REPRESENTATION_ITEM(''));
#2827=(BOUNDED_CURVE()B_SPLINE_CURVE(3,
(#3460,#3461,#3462,#3463),
.UNSPECIFIED.,.F.,.F.)B_SPLINE_CURVE_WITH_KNOTS((4,4),
(0.,1.),
.UNSPECIFIED.)CURVE()GEOMETRIC_REPRESENTATION_ITEM()RATIONAL_B_SPLINE_CURVE((1.,
0.949253021674191,0.949253021674191,1.))REPRESENTATION_ITEM(''));
#2828=VERTEX_POINT('',#3464);
#2829=LINE('',#3465,#3466);
#2830=VERTEX_POINT('',#3468);
#2831=LINE('',#3469,#3470);
#2832=LINE('',#3472,#3473);
#2833=VERTEX_POINT('',#3475);
#2834=LINE('',#3476,#3477);
#2835=LINE('',#3479,#3480);
#2836=LINE('',#3482,#3483);
#2837=LINE('',#3485,#3486);
#2838=VERTEX_POINT('',#3488);
#2839=VERTEX_POINT('',#3489);
#2840=LINE('',#3490,#3491);
#2841=LINE('',#3493,#3494);
#2842=LINE('',#3496,#3497);
#2843=VERTEX_POINT('',#3499);
#2844=LINE('',#3500,#3501);
#2845=VERTEX_POINT('',#3503);
#2846=LINE('',#3504,#3505);
#2847=LINE('',#3507,#3508);
#2848=VERTEX_POINT('',#3510);
#2849=VERTEX_POINT('',#3511);
#2850=LINE('',#3512,#3513);
#2851=LINE('',#3515,#3516);
#2852=LINE('',#3518,#3519);
#2853=VERTEX_POINT('',#3521);
#2854=LINE('',#3522,#3523);
#2855=LINE('',#3525,#3526);
#2856=VERTEX_POINT('',#3528);
#2857=(BOUNDED_CURVE()B_SPLINE_CURVE(3,
(#3529,#3530,#3531,#3532),
.UNSPECIFIED.,.F.,.F.)B_SPLINE_CURVE_WITH_KNOTS((4,4),
(0.,1.),
.UNSPECIFIED.)CURVE()GEOMETRIC_REPRESENTATION_ITEM()RATIONAL_B_SPLINE_CURVE((1.,
0.94925302167419,0.94925302167419,1.))REPRESENTATION_ITEM(''));
#2858=(BOUNDED_CURVE()B_SPLINE_CURVE(3,
(#3533,#3534,#3535,#3536),
.UNSPECIFIED.,.F.,.F.)B_SPLINE_CURVE_WITH_KNOTS((4,4),
(0.,1.),
.UNSPECIFIED.)CURVE()GEOMETRIC_REPRESENTATION_ITEM()RATIONAL_B_SPLINE_CURVE((1.,
0.949253021674192,0.949253021674192,1.))REPRESENTATION_ITEM(''));
#2859=VERTEX_POINT('',#3537);
#2860=(BOUNDED_CURVE()B_SPLINE_CURVE(3,
(#3538,#3539,#3540,#3541),
.UNSPECIFIED.,.F.,.F.)B_SPLINE_CURVE_WITH_KNOTS((4,4),
(0.,1.),
.UNSPECIFIED.)CURVE()GEOMETRIC_REPRESENTATION_ITEM()RATIONAL_B_SPLINE_CURVE((1.,
0.949253021674192,0.949253021674192,1.))REPRESENTATION_ITEM(''));
#2861=(BOUNDED_CURVE()B_SPLINE_CURVE(3,
(#3542,#3543,#3544,#3545),
.UNSPECIFIED.,.F.,.F.)B_SPLINE_CURVE_WITH_KNOTS((4,4),
(0.,1.),
.UNSPECIFIED.)CURVE()GEOMETRIC_REPRESENTATION_ITEM()RATIONAL_B_SPLINE_CURVE((1.,
0.949253021674191,0.949253021674191,1.))REPRESENTATION_ITEM(''));
#2862=VERTEX_POINT('',#3546);
#2863=LINE('',#3547,#3548);
#2864=VERTEX_POINT('',#3550);
#2865=LINE('',#3551,#3552);
#2866=LINE('',#3554,#3555);
#2867=VERTEX_POINT('',#3557);
#2868=LINE('',#3558,#3559);
#2869=LINE('',#3561,#3562);
#2870=VERTEX_POINT('',#3564);
#2871=LINE('',#3565,#3566);
#2872=LINE('',#3568,#3569);
#2873=VERTEX_POINT('',#3571);
#2874=LINE('',#3572,#3573);
#2875=LINE('',#3575,#3576);
#2876=VERTEX_POINT('',#3578);
#2877=LINE('',#3579,#3580);
#2878=LINE('',#3582,#3583);
#2879=LINE('',#3585,#3586);
#2880=VERTEX_POINT('',#3588);
#2881=LINE('',#3589,#3590);
#2882=LINE('',#3592,#3593);
#2883=LINE('',#3595,#3596);
#2884=LINE('',#3598,#3599);
#2885=LINE('',#3601,#3602);
#2886=LINE('',#3604,#3605);
#2887=VERTEX_POINT('',#3607);
#2888=VERTEX_POINT('',#3608);
#2889=LINE('',#3609,#3610);
#2890=VERTEX_POINT('',#3612);
#2891=LINE('',#3613,#3614);
#2892=VERTEX_POINT('',#3616);
#2893=LINE('',#3617,#3618);
#2894=VERTEX_POINT('',#3620);
#2895=LINE('',#3621,#3622);
#2896=VERTEX_POINT('',#3624);
#2897=LINE('',#3625,#3626);
#2898=LINE('',#3628,#3629);
#2899=VERTEX_POINT('',#3631);
#2900=VERTEX_POINT('',#3632);
#2901=LINE('',#3633,#3634);
#2902=LINE('',#3636,#3637);
#2903=LINE('',#3639,#3640);
#2904=VERTEX_POINT('',#3642);
#2905=LINE('',#3643,#3644);
#2906=VERTEX_POINT('',#3646);
#2907=LINE('',#3647,#3648);
#2908=VERTEX_POINT('',#3650);
#2909=LINE('',#3651,#3652);
#2910=VERTEX_POINT('',#3654);
#2911=LINE('',#3655,#3656);
#2912=VERTEX_POINT('',#3658);
#2913=LINE('',#3659,#3660);
#2914=LINE('',#3662,#3663);
#2915=VERTEX_POINT('',#3665);
#2916=VERTEX_POINT('',#3666);
#2917=LINE('',#3667,#3668);
#2918=VERTEX_POINT('',#3670);
#2919=LINE('',#3671,#3672);
#2920=VERTEX_POINT('',#3674);
#2921=LINE('',#3675,#3676);
#2922=LINE('',#3678,#3679);
#2923=VERTEX_POINT('',#3681);
#2924=LINE('',#3682,#3683);
#2925=VERTEX_POINT('',#3685);
#2926=LINE('',#3686,#3687);
#2927=VERTEX_POINT('',#3689);
#2928=LINE('',#3690,#3691);
#2929=VERTEX_POINT('',#3693);
#2930=LINE('',#3694,#3695);
#2931=VERTEX_POINT('',#3697);
#2932=LINE('',#3698,#3699);
#2933=LINE('',#3701,#3702);
#2934=VERTEX_POINT('',#3704);
#2935=LINE('',#3705,#3706);
#2936=VERTEX_POINT('',#3708);
#2937=LINE('',#3709,#3710);
#2938=VERTEX_POINT('',#3712);
#2939=LINE('',#3713,#3714);
#2940=VERTEX_POINT('',#3716);
#2941=LINE('',#3717,#3718);
#2942=VERTEX_POINT('',#3720);
#2943=LINE('',#3721,#3722);
#2944=LINE('',#3724,#3725);
#2945=VERTEX_POINT('',#3727);
#2946=LINE('',#3728,#3729);
#2947=LINE('',#3731,#3732);
#2948=LINE('',#3734,#3735);
#2949=VERTEX_POINT('',#3737);
#2950=LINE('',#3738,#3739);
#2951=VERTEX_POINT('',#3741);
#2952=LINE('',#3742,#3743);
#2953=VERTEX_POINT('',#3745);
#2954=LINE('',#3746,#3747);
#2955=VERTEX_POINT('',#3749);
#2956=LINE('',#3750,#3751);
#2957=VERTEX_POINT('',#3753);
#2958=LINE('',#3754,#3755);
#2959=VERTEX_POINT('',#3757);
#2960=LINE('',#3758,#3759);
#2961=VERTEX_POINT('',#3761);
#2962=LINE('',#3762,#3763);
#2963=VERTEX_POINT('',#3765);
#2964=LINE('',#3766,#3767);
#2965=VERTEX_POINT('',#3769);
#2966=LINE('',#3770,#3771);
#2967=VERTEX_POINT('',#3773);
#2968=LINE('',#3774,#3775);
#2969=LINE('',#3777,#3778);
#2970=VERTEX_POINT('',#3780);
#2971=LINE('',#3781,#3782);
#2972=LINE('',#3784,#3785);
#2973=VERTEX_POINT('',#3787);
#2974=LINE('',#3788,#3789);
#2975=LINE('',#3791,#3792);
#2976=VERTEX_POINT('',#3794);
#2977=VERTEX_POINT('',#3795);
#2978=LINE('',#3796,#3797);
#2979=VERTEX_POINT('',#3799);
#2980=LINE('',#3800,#3801);
#2981=LINE('',#3803,#3804);
#2982=VERTEX_POINT('',#3806);
#2983=LINE('',#3807,#3808);
#2984=VERTEX_POINT('',#3810);
#2985=LINE('',#3811,#3812);
#2986=VERTEX_POINT('',#3814);
#2987=LINE('',#3815,#3816);
#2988=VERTEX_POINT('',#3818);
#2989=LINE('',#3819,#3820);
#2990=VERTEX_POINT('',#3822);
#2991=LINE('',#3823,#3824);
#2992=VERTEX_POINT('',#3826);
#2993=LINE('',#3827,#3828);
#2994=LINE('',#3830,#3831);
#2995=LINE('',#3833,#3834);
#2996=VERTEX_POINT('',#3836);
#2997=VERTEX_POINT('',#3837);
#2998=LINE('',#3838,#3839);
#2999=LINE('',#3841,#3842);
#3000=VERTEX_POINT('',#3844);
#3001=LINE('',#3845,#3846);
#3002=VERTEX_POINT('',#3848);
#3003=LINE('',#3849,#3850);
#3004=LINE('',#3852,#3853);
#3005=LINE('',#3855,#3856);
#3006=VERTEX_POINT('',#3858);
#3007=LINE('',#3859,#3860);
#3008=VERTEX_POINT('',#3862);
#3009=LINE('',#3863,#3864);
#3010=VERTEX_POINT('',#3866);
#3011=LINE('',#3867,#3868);
#3012=LINE('',#3870,#3871);
#3013=LINE('',#3873,#3874);
#3014=VERTEX_POINT('',#3876);
#3015=VERTEX_POINT('',#3877);
#3016=LINE('',#3878,#3879);
#3017=LINE('',#3881,#3882);
#3018=LINE('',#3884,#3885);
#3019=VERTEX_POINT('',#3887);
#3020=LINE('',#3888,#3889);
#3021=VERTEX_POINT('',#3891);
#3022=LINE('',#3892,#3893);
#3023=LINE('',#3895,#3896);
#3024=VERTEX_POINT('',#3898);
#3025=VERTEX_POINT('',#3899);
#3026=LINE('',#3900,#3901);
#3027=LINE('',#3903,#3904);
#3028=LINE('',#3906,#3907);
#3029=LINE('',#3909,#3910);
#3030=LINE('',#3912,#3913);
#3031=LINE('',#3915,#3916);
#3032=VERTEX_POINT('',#3918);
#3033=LINE('',#3919,#3920);
#3034=LINE('',#3922,#3923);
#3035=LINE('',#3925,#3926);
#3036=LINE('',#3928,#3929);
#3037=LINE('',#3931,#3932);
#3038=LINE('',#3934,#3935);
#3039=VERTEX_POINT('',#3937);
#3040=LINE('',#3938,#3939);
#3041=LINE('',#3941,#3942);
#3042=VERTEX_POINT('',#3944);
#3043=(BOUNDED_CURVE()B_SPLINE_CURVE(3,
(#3945,#3946,#3947,#3948),
.UNSPECIFIED.,.F.,.F.)B_SPLINE_CURVE_WITH_KNOTS((4,4),
(0.,1.),
.UNSPECIFIED.)CURVE()GEOMETRIC_REPRESENTATION_ITEM()RATIONAL_B_SPLINE_CURVE((1.,
0.94925302167419,0.94925302167419,1.))REPRESENTATION_ITEM(''));
#3044=VERTEX_POINT('',#3949);
#3045=LINE('',#3950,#3951);
#3046=VERTEX_POINT('',#3953);
#3047=LINE('',#3954,#3955);
#3048=LINE('',#3957,#3958);
#3049=(BOUNDED_CURVE()B_SPLINE_CURVE(3,
(#3960,#3961,#3962,#3963),
.UNSPECIFIED.,.F.,.F.)B_SPLINE_CURVE_WITH_KNOTS((4,4),
(0.,1.),
.UNSPECIFIED.)CURVE()GEOMETRIC_REPRESENTATION_ITEM()RATIONAL_B_SPLINE_CURVE((1.,
0.949253021674192,0.949253021674192,1.))REPRESENTATION_ITEM(''));
#3050=VERTEX_POINT('',#3964);
#3051=(BOUNDED_CURVE()B_SPLINE_CURVE(3,
(#3965,#3966,#3967,#3968),
.UNSPECIFIED.,.F.,.F.)B_SPLINE_CURVE_WITH_KNOTS((4,4),
(0.,1.),
.UNSPECIFIED.)CURVE()GEOMETRIC_REPRESENTATION_ITEM()RATIONAL_B_SPLINE_CURVE((1.,
0.949253021674192,0.949253021674192,1.))REPRESENTATION_ITEM(''));
#3052=(BOUNDED_CURVE()B_SPLINE_CURVE(3,
(#3969,#3970,#3971,#3972),
.UNSPECIFIED.,.F.,.F.)B_SPLINE_CURVE_WITH_KNOTS((4,4),
(0.,1.),
.UNSPECIFIED.)CURVE()GEOMETRIC_REPRESENTATION_ITEM()RATIONAL_B_SPLINE_CURVE((1.,
0.949253021674192,0.949253021674192,1.))REPRESENTATION_ITEM(''));
#3053=VERTEX_POINT('',#3973);
#3054=LINE('',#3974,#3975);
#3055=VERTEX_POINT('',#3977);
#3056=LINE('',#3978,#3979);
#3057=LINE('',#3981,#3982);
#3058=VERTEX_POINT('',#3984);
#3059=LINE('',#3985,#3986);
#3060=LINE('',#3988,#3989);
#3061=VERTEX_POINT('',#3991);
#3062=LINE('',#3992,#3993);
#3063=LINE('',#3995,#3996);
#3064=VERTEX_POINT('',#3998);
#3065=(BOUNDED_CURVE()B_SPLINE_CURVE(3,
(#3999,#4000,#4001,#4002),
.UNSPECIFIED.,.F.,.F.)B_SPLINE_CURVE_WITH_KNOTS((4,4),
(0.,1.),
.UNSPECIFIED.)CURVE()GEOMETRIC_REPRESENTATION_ITEM()RATIONAL_B_SPLINE_CURVE((1.,
0.94925302167419,0.94925302167419,1.))REPRESENTATION_ITEM(''));
#3066=(BOUNDED_CURVE()B_SPLINE_CURVE(3,
(#4003,#4004,#4005,#4006),
.UNSPECIFIED.,.F.,.F.)B_SPLINE_CURVE_WITH_KNOTS((4,4),
(0.,1.),
.UNSPECIFIED.)CURVE()GEOMETRIC_REPRESENTATION_ITEM()RATIONAL_B_SPLINE_CURVE((1.,
0.949253021674192,0.949253021674192,1.))REPRESENTATION_ITEM(''));
#3067=VERTEX_POINT('',#4007);
#3068=(BOUNDED_CURVE()B_SPLINE_CURVE(3,
(#4008,#4009,#4010,#4011),
.UNSPECIFIED.,.F.,.F.)B_SPLINE_CURVE_WITH_KNOTS((4,4),
(0.,1.),
.UNSPECIFIED.)CURVE()GEOMETRIC_REPRESENTATION_ITEM()RATIONAL_B_SPLINE_CURVE((1.,
0.949253021674192,0.949253021674192,1.))REPRESENTATION_ITEM(''));
#3069=(BOUNDED_CURVE()B_SPLINE_CURVE(3,
(#4012,#4013,#4014,#4015),
.UNSPECIFIED.,.F.,.F.)B_SPLINE_CURVE_WITH_KNOTS((4,4),
(0.,1.),
.UNSPECIFIED.)CURVE()GEOMETRIC_REPRESENTATION_ITEM()RATIONAL_B_SPLINE_CURVE((1.,
0.949253021674192,0.949253021674192,1.))REPRESENTATION_ITEM(''));
#3070=VERTEX_POINT('',#4016);
#3071=LINE('',#4017,#4018);
#3072=VERTEX_POINT('',#4020);
#3073=LINE('',#4021,#4022);
#3074=LINE('',#4024,#4025);
#3075=LINE('',#4027,#4028);
#3076=VERTEX_POINT('',#4030);
#3077=LINE('',#4031,#4032);
#3078=LINE('',#4034,#4035);
#3079=LINE('',#4037,#4038);
#3080=VERTEX_POINT('',#4040);
#3081=LINE('',#4041,#4042);
#3082=VERTEX_POINT('',#4044);
#3083=LINE('',#4045,#4046);
#3084=LINE('',#4048,#4049);
#3085=LINE('',#4051,#4052);
#3086=LINE('',#4054,#4055);
#3087=LINE('',#4057,#4058);
#3088=LINE('',#4060,#4061);
#3089=VERTEX_POINT('',#4063);
#3090=LINE('',#4064,#4065);
#3091=LINE('',#4067,#4068);
#3092=LINE('',#4070,#4071);
#3093=VERTEX_POINT('',#4073);
#3094=VERTEX_POINT('',#4074);
#3095=LINE('',#4075,#4076);
#3096=VERTEX_POINT('',#4078);
#3097=LINE('',#4079,#4080);
#3098=VERTEX_POINT('',#4082);
#3099=LINE('',#4083,#4084);
#3100=LINE('',#4086,#4087);
#3101=VERTEX_POINT('',#4089);
#3102=CIRCLE('',#4090,0.783493649);
#3103=VERTEX_POINT('',#4094);
#3104=CIRCLE('',#4095,0.783493649);
#3105=VERTEX_POINT('',#4099);
#3106=VERTEX_POINT('',#4100);
#3107=LINE('',#4101,#4102);
#3108=LINE('',#4104,#4105);
#3109=LINE('',#4107,#4108);
#3110=VERTEX_POINT('',#4110);
#3111=VERTEX_POINT('',#4111);
#3112=LINE('',#4112,#4113);
#3113=LINE('',#4115,#4116);
#3114=VERTEX_POINT('',#4118);
#3115=LINE('',#4119,#4120);
#3116=VERTEX_POINT('',#4122);
#3117=LINE('',#4123,#4124);
#3118=VERTEX_POINT('',#4126);
#3119=LINE('',#4127,#4128);
#3120=LINE('',#4130,#4131);
#3121=VERTEX_POINT('',#4133);
#3122=LINE('',#4134,#4135);
#3123=LINE('',#4137,#4138);
#3124=VERTEX_POINT('',#4140);
#3125=LINE('',#4141,#4142);
#3126=VERTEX_POINT('',#4144);
#3127=LINE('',#4145,#4146);
#3128=VERTEX_POINT('',#4148);
#3129=LINE('',#4149,#4150);
#3130=VERTEX_POINT('',#4152);
#3131=LINE('',#4153,#4154);
#3132=LINE('',#4156,#4157);
#3133=LINE('',#4159,#4160);
#3134=LINE('',#4162,#4163);
#3135=LINE('',#4165,#4166);
#3136=LINE('',#4168,#4169);
#3137=VERTEX_POINT('',#4171);
#3138=CIRCLE('',#4172,0.783493649);
#3139=VERTEX_POINT('',#4176);
#3140=CIRCLE('',#4177,0.783493649);
#3141=CARTESIAN_POINT('',(-50.,48.,-1.50000000000001));
#3142=CARTESIAN_POINT('',(-47.,48.,-1.5));
#3143=CARTESIAN_POINT('',(-47.,48.,-1.5));
#3144=VECTOR('',#3145,1.);
#3145=DIRECTION('',(-1.,0.,0.));
#3146=CARTESIAN_POINT('',(-47.,48.,1.5));
#3147=CARTESIAN_POINT('',(-47.,48.,1.5));
#3148=VECTOR('',#3149,1.);
#3149=DIRECTION('',(0.,0.,-1.));
#3150=CARTESIAN_POINT('',(-44.,48.,1.5));
#3151=CARTESIAN_POINT('',(-44.,48.,1.5));
#3152=VECTOR('',#3153,1.);
#3153=DIRECTION('',(-1.,0.,0.));
#3154=CARTESIAN_POINT('',(-44.,48.,-41.5));
#3155=CARTESIAN_POINT('',(-44.,48.,-41.5));
#3156=VECTOR('',#3157,1.);
#3157=DIRECTION('',(-1.65242496688395E-16,1.65242496688395E-16,1.));
#3158=CARTESIAN_POINT('',(-50.,48.,-41.5));
#3159=CARTESIAN_POINT('',(-44.,48.,-41.5));
#3160=VECTOR('',#3161,1.);
#3161=DIRECTION('',(-1.,0.,0.));
#3162=CARTESIAN_POINT('',(-50.,48.,-1.50000000000001));
#3163=VECTOR('',#3164,1.);
#3164=DIRECTION('',(0.,-1.77635683940025E-16,-1.));
#3165=CARTESIAN_POINT('',(44.,48.,1.49999999999999));
#3166=CARTESIAN_POINT('',(47.,48.,1.5));
#3167=CARTESIAN_POINT('',(47.,48.,1.5));
#3168=VECTOR('',#3169,1.);
#3169=DIRECTION('',(-1.,0.,0.));
#3170=CARTESIAN_POINT('',(47.,48.,-1.5));
#3171=CARTESIAN_POINT('',(47.,48.,-1.5));
#3172=VECTOR('',#3173,1.);
#3173=DIRECTION('',(0.,0.,1.));
#3174=CARTESIAN_POINT('',(50.,48.,-1.5));
#3175=CARTESIAN_POINT('',(50.,48.,-1.5));
#3176=VECTOR('',#3177,1.);
#3177=DIRECTION('',(-1.,0.,1.48029736616688E-16));
#3178=CARTESIAN_POINT('',(50.,48.,-41.5));
#3179=CARTESIAN_POINT('',(50.,48.,-41.5));
#3180=VECTOR('',#3181,1.);
#3181=DIRECTION('',(0.,0.,1.));
#3182=CARTESIAN_POINT('',(44.,48.,-41.5));
#3183=CARTESIAN_POINT('',(50.,48.,-41.5));
#3184=VECTOR('',#3185,1.);
#3185=DIRECTION('',(-1.,0.,0.));
#3186=CARTESIAN_POINT('',(44.,48.,1.49999999999999));
#3187=VECTOR('',#3188,1.);
#3188=DIRECTION('',(3.30484993376791E-16,-1.65242496688395E-16,-1.));
#3189=CARTESIAN_POINT('',(-44.,-50.,1.5));
#3190=CARTESIAN_POINT('',(-44.,48.,1.5));
#3191=VECTOR('',#3192,1.);
#3192=DIRECTION('',(-1.45008721583694E-16,-1.,1.35945676484713E-17));
#3193=CARTESIAN_POINT('',(-44.,-50.,-41.5));
#3194=CARTESIAN_POINT('',(-44.,-50.,1.5));
#3195=VECTOR('',#3196,1.);
#3196=DIRECTION('',(1.65242496688396E-16,0.,-1.));
#3197=CARTESIAN_POINT('',(-44.,-46.,-41.5));
#3198=CARTESIAN_POINT('',(-44.,-46.,-41.5));
#3199=VECTOR('',#3200,1.);
#3200=DIRECTION('',(0.,-1.,0.));
#3201=CARTESIAN_POINT('',(-44.,-46.,-44.));
#3202=CARTESIAN_POINT('',(-44.,-46.,-41.5));
#3203=VECTOR('',#3204,1.);
#3204=DIRECTION('',(0.,0.,-1.));
#3205=CARTESIAN_POINT('',(-44.,46.,-44.));
#3206=CARTESIAN_POINT('',(-44.,46.,-44.));
#3207=VECTOR('',#3208,1.);
#3208=DIRECTION('',(-1.54465812121761E-16,-1.,7.72329060608805E-17));
#3209=CARTESIAN_POINT('',(-44.,46.,-41.5));
#3210=CARTESIAN_POINT('',(-44.,46.,-44.));
#3211=VECTOR('',#3212,1.);
#3212=DIRECTION('',(0.,0.,1.));
#3213=CARTESIAN_POINT('',(-44.,48.,-41.5));
#3214=VECTOR('',#3215,1.);
#3215=DIRECTION('',(0.,-1.,0.));
#3216=CARTESIAN_POINT('',(-50.,-50.,-1.5));
#3217=CARTESIAN_POINT('',(-50.,-50.,-1.5));
#3218=VECTOR('',#3219,1.);
#3219=DIRECTION('',(0.,1.,0.));
#3220=CARTESIAN_POINT('',(-50.,41.5,-41.5));
#3221=CARTESIAN_POINT('',(-50.,41.5,-41.5));
#3222=VECTOR('',#3223,1.);
#3223=DIRECTION('',(0.,1.,1.09314267040015E-15));
#3224=CARTESIAN_POINT('',(-50.,41.5,-50.));
#3225=CARTESIAN_POINT('',(-50.,41.5,-50.));
#3226=VECTOR('',#3227,1.);
#3227=DIRECTION('',(0.,-8.35932630306E-16,1.));
#3228=CARTESIAN_POINT('',(-50.,-41.5,-50.));
#3229=CARTESIAN_POINT('',(-50.,41.5,-50.));
#3230=VECTOR('',#3231,1.);
#3231=DIRECTION('',(0.,-1.,0.));
#3232=CARTESIAN_POINT('',(-50.,-41.5,-41.5));
#3233=CARTESIAN_POINT('',(-50.,-41.5,-41.5));
#3234=VECTOR('',#3235,1.);
#3235=DIRECTION('',(0.,0.,-1.));
#3236=CARTESIAN_POINT('',(-50.,-50.,-41.5));
#3237=CARTESIAN_POINT('',(-50.,-50.,-41.5));
#3238=VECTOR('',#3239,1.);
#3239=DIRECTION('',(0.,1.,0.));
#3240=CARTESIAN_POINT('',(-50.,-50.,-41.5));
#3241=VECTOR('',#3242,1.);
#3242=DIRECTION('',(0.,0.,1.));
#3243=CARTESIAN_POINT('',(-47.,-50.,-1.5));
#3244=CARTESIAN_POINT('',(-47.,-50.,-1.5));
#3245=VECTOR('',#3246,1.);
#3246=DIRECTION('',(-1.,0.,0.));
#3247=CARTESIAN_POINT('',(-55.75,-50.,-41.5));
#3248=CARTESIAN_POINT('',(-50.,-50.,-41.5));
#3249=VECTOR('',#3250,1.);
#3250=DIRECTION('',(-1.,0.,0.));
#3251=CARTESIAN_POINT('',(-55.75,-50.,-49.));
#3252=CARTESIAN_POINT('',(-55.75,-50.,-41.5));
#3253=VECTOR('',#3254,1.);
#3254=DIRECTION('',(0.,0.,-1.));
#3255=CARTESIAN_POINT('',(55.75,-50.,-49.));
#3256=CARTESIAN_POINT('',(55.75,-50.,-49.));
#3257=VECTOR('',#3258,1.);
#3258=DIRECTION('',(-1.,0.,0.));
#3259=CARTESIAN_POINT('',(55.75,-50.,-41.5));
#3260=CARTESIAN_POINT('',(55.75,-50.,-41.5));
#3261=VECTOR('',#3262,1.);
#3262=DIRECTION('',(0.,0.,-1.));
#3263=CARTESIAN_POINT('',(50.,-50.,-41.5));
#3264=CARTESIAN_POINT('',(55.75,-50.,-41.5));
#3265=VECTOR('',#3266,1.);
#3266=DIRECTION('',(-1.,0.,0.));
#3267=CARTESIAN_POINT('',(50.,-50.,-1.5));
#3268=CARTESIAN_POINT('',(50.,-50.,-41.5));
#3269=VECTOR('',#3270,1.);
#3270=DIRECTION('',(0.,0.,1.));
#3271=CARTESIAN_POINT('',(47.,-50.,-1.5));
#3272=CARTESIAN_POINT('',(50.,-50.,-1.5));
#3273=VECTOR('',#3274,1.);
#3274=DIRECTION('',(-1.,0.,1.48029736616688E-16));
#3275=CARTESIAN_POINT('',(47.,-50.,1.5));
#3276=CARTESIAN_POINT('',(47.,-50.,-1.5));
#3277=VECTOR('',#3278,1.);
#3278=DIRECTION('',(0.,0.,1.));
#3279=CARTESIAN_POINT('',(44.,-50.,1.5));
#3280=CARTESIAN_POINT('',(47.,-50.,1.5));
#3281=VECTOR('',#3282,1.);
#3282=DIRECTION('',(-1.,0.,0.));
#3283=CARTESIAN_POINT('',(44.,-50.,-41.5));
#3284=CARTESIAN_POINT('',(44.,-50.,-41.5));
#3285=VECTOR('',#3286,1.);
#3286=DIRECTION('',(-3.30484993376791E-16,0.,1.));
#3287=CARTESIAN_POINT('',(-44.,-50.,-41.5));
#3288=VECTOR('',#3289,1.);
#3289=DIRECTION('',(1.,0.,0.));
#3290=CARTESIAN_POINT('',(-47.,-50.,1.5));
#3291=CARTESIAN_POINT('',(-44.,-50.,1.5));
#3292=VECTOR('',#3293,1.);
#3293=DIRECTION('',(-1.,0.,0.));
#3294=CARTESIAN_POINT('',(-47.,-50.,1.5));
#3295=VECTOR('',#3296,1.);
#3296=DIRECTION('',(0.,0.,-1.));
#3297=CARTESIAN_POINT('',(50.,48.,-1.5));
#3298=VECTOR('',#3299,1.);
#3299=DIRECTION('',(0.,-1.,0.));
#3300=CARTESIAN_POINT('',(50.,-41.5,-41.5));
#3301=CARTESIAN_POINT('',(50.,-41.5,-41.5));
#3302=VECTOR('',#3303,1.);
#3303=DIRECTION('',(-1.671865260612E-15,-1.,0.));
#3304=CARTESIAN_POINT('',(50.,-41.5,-50.));
#3305=CARTESIAN_POINT('',(50.,-41.5,-50.));
#3306=VECTOR('',#3307,1.);
#3307=DIRECTION('',(1.671865260612E-15,0.,1.));
#3308=CARTESIAN_POINT('',(50.,41.5,-50.));
#3309=CARTESIAN_POINT('',(50.,-41.5,-50.));
#3310=VECTOR('',#3311,1.);
#3311=DIRECTION('',(0.,1.,0.));
#3312=CARTESIAN_POINT('',(50.,41.5,-41.5));
#3313=CARTESIAN_POINT('',(50.,41.5,-41.5));
#3314=VECTOR('',#3315,1.);
#3315=DIRECTION('',(-1.67186526061199E-15,8.35932630305997E-16,-1.));
#3316=CARTESIAN_POINT('',(50.,48.,-41.5));
#3317=VECTOR('',#3318,1.);
#3318=DIRECTION('',(2.18628534080031E-15,-1.,1.09314267040015E-15));
#3319=CARTESIAN_POINT('',(44.,-50.,1.5));
#3320=VECTOR('',#3321,1.);
#3321=DIRECTION('',(0.,1.,-1.35945676484713E-17));
#3322=CARTESIAN_POINT('',(44.,46.,-41.5));
#3323=CARTESIAN_POINT('',(44.,46.,-41.5));
#3324=VECTOR('',#3325,1.);
#3325=DIRECTION('',(0.,1.,0.));
#3326=CARTESIAN_POINT('',(44.,46.,-44.));
#3327=CARTESIAN_POINT('',(44.,46.,-41.5));
#3328=VECTOR('',#3329,1.);
#3329=DIRECTION('',(0.,0.,-1.));
#3330=CARTESIAN_POINT('',(44.,-46.,-44.));
#3331=CARTESIAN_POINT('',(44.,-46.,-44.));
#3332=VECTOR('',#3333,1.);
#3333=DIRECTION('',(0.,1.,-7.72329060608805E-17));
#3334=CARTESIAN_POINT('',(44.,-46.,-41.5));
#3335=CARTESIAN_POINT('',(44.,-46.,-44.));
#3336=VECTOR('',#3337,1.);
#3337=DIRECTION('',(0.,0.,1.));
#3338=CARTESIAN_POINT('',(44.,-50.,-41.5));
#3339=VECTOR('',#3340,1.);
#3340=DIRECTION('',(0.,1.,0.));
#3341=CARTESIAN_POINT('',(47.,-50.,-1.5));
#3342=VECTOR('',#3343,1.);
#3343=DIRECTION('',(0.,1.,0.));
#3344=CARTESIAN_POINT('',(47.,-50.,1.5));
#3345=VECTOR('',#3346,1.);
#3346=DIRECTION('',(0.,1.,0.));
#3347=CARTESIAN_POINT('',(-47.,-50.,1.5));
#3348=VECTOR('',#3349,1.);
#3349=DIRECTION('',(0.,1.,0.));
#3350=CARTESIAN_POINT('',(-47.,-50.,-1.5));
#3351=VECTOR('',#3352,1.);
#3352=DIRECTION('',(0.,1.,0.));
#3353=CARTESIAN_POINT('',(55.75,41.5,-41.5));
#3354=CARTESIAN_POINT('',(55.75,41.5,-41.5));
#3355=VECTOR('',#3356,1.);
#3356=DIRECTION('',(-1.,0.,0.));
#3357=CARTESIAN_POINT('',(55.75,50.,-41.5));
#3358=CARTESIAN_POINT('',(55.75,50.,-41.5));
#3359=VECTOR('',#3360,1.);
#3360=DIRECTION('',(0.,-1.,0.));
#3361=CARTESIAN_POINT('',(-55.75,50.,-41.5));
#3362=CARTESIAN_POINT('',(55.75,50.,-41.5));
#3363=VECTOR('',#3364,1.);
#3364=DIRECTION('',(-1.,0.,0.));
#3365=CARTESIAN_POINT('',(-55.75,41.5,-41.5));
#3366=CARTESIAN_POINT('',(-55.75,41.5,-41.5));
#3367=VECTOR('',#3368,1.);
#3368=DIRECTION('',(0.,1.,0.));
#3369=CARTESIAN_POINT('',(-50.,41.5,-41.5));
#3370=VECTOR('',#3371,1.);
#3371=DIRECTION('',(-1.,0.,0.));
#3372=CARTESIAN_POINT('',(-44.,46.,-41.5));
#3373=VECTOR('',#3374,1.);
#3374=DIRECTION('',(1.,-8.07434927000114E-17,0.));
#3375=CARTESIAN_POINT('',(44.,-46.,-41.5));
#3376=VECTOR('',#3377,1.);
#3377=DIRECTION('',(-1.,0.,-8.07434927000114E-17));
#3378=CARTESIAN_POINT('',(44.,-46.,-44.));
#3379=VECTOR('',#3380,1.);
#3380=DIRECTION('',(-1.,-8.07434927000114E-17,8.07434927000114E-17));
#3381=CARTESIAN_POINT('',(-44.,46.,-44.));
#3382=VECTOR('',#3383,1.);
#3383=DIRECTION('',(1.,0.,-1.61486985400023E-16));
#3384=CARTESIAN_POINT('',(-55.75,41.5,-50.));
#3385=CARTESIAN_POINT('',(-55.75,41.5,-41.5));
#3386=VECTOR('',#3387,1.);
#3387=DIRECTION('',(0.,0.,-1.));
#3388=CARTESIAN_POINT('',(-50.,41.5,-50.));
#3389=VECTOR('',#3390,1.);
#3390=DIRECTION('',(-1.,0.,0.));
#3391=CARTESIAN_POINT('',(-55.75,49.,-50.));
#3392=CARTESIAN_POINT('',(55.75,49.,-50.));
#3393=CARTESIAN_POINT('',(-55.75,49.,-50.));
#3394=VECTOR('',#3395,1.);
#3395=DIRECTION('',(1.,-6.37258058977668E-17,0.));
#3396=CARTESIAN_POINT('',(55.75,41.5,-50.));
#3397=CARTESIAN_POINT('',(55.75,49.,-50.));
#3398=VECTOR('',#3399,1.);
#3399=DIRECTION('',(0.,-1.,0.));
#3400=CARTESIAN_POINT('',(55.75,41.5,-50.));
#3401=VECTOR('',#3402,1.);
#3402=DIRECTION('',(-1.,0.,0.));
#3403=CARTESIAN_POINT('',(55.75,-41.5,-50.));
#3404=CARTESIAN_POINT('',(50.,-41.5,-50.));
#3405=VECTOR('',#3406,1.);
#3406=DIRECTION('',(1.,0.,0.));
#3407=CARTESIAN_POINT('',(55.75,-49.,-50.));
#3408=CARTESIAN_POINT('',(55.75,-41.5,-50.));
#3409=VECTOR('',#3410,1.);
#3410=DIRECTION('',(0.,-1.,0.));
#3411=CARTESIAN_POINT('',(-55.75,-49.,-50.));
#3412=CARTESIAN_POINT('',(55.75,-49.,-50.));
#3413=VECTOR('',#3414,1.);
#3414=DIRECTION('',(-1.,6.37258058977668E-17,0.));
#3415=CARTESIAN_POINT('',(-55.75,-41.5,-50.));
#3416=CARTESIAN_POINT('',(-55.75,-49.,-50.));
#3417=VECTOR('',#3418,1.);
#3418=DIRECTION('',(0.,1.,0.));
#3419=CARTESIAN_POINT('',(-55.75,-41.5,-50.));
#3420=VECTOR('',#3421,1.);
#3421=DIRECTION('',(1.,0.,0.));
#3422=CARTESIAN_POINT('',(-55.75,41.5,-50.));
#3423=VECTOR('',#3424,1.);
#3424=DIRECTION('',(0.,1.,0.));
#3425=CARTESIAN_POINT('',(-55.75,-41.5,-41.5));
#3426=CARTESIAN_POINT('',(-55.75,-41.5,-41.5));
#3427=VECTOR('',#3428,1.);
#3428=DIRECTION('',(0.,0.,-1.));
#3429=CARTESIAN_POINT('',(-55.75,-41.5,-41.5));
#3430=VECTOR('',#3431,1.);
#3431=DIRECTION('',(1.,0.,0.));
#3432=CARTESIAN_POINT('',(-55.75,-50.,-41.5));
#3433=VECTOR('',#3434,1.);
#3434=DIRECTION('',(0.,1.,0.));
#3435=CARTESIAN_POINT('',(-56.0428932188135,-49.7071067811865,-49.7071067811865));
#3436=CARTESIAN_POINT('',(-56.0428932188135,-49.7071067811865,-49.7071067811865));
#3437=CARTESIAN_POINT('',(-55.8528504210243,-49.8971495789757,-49.5170639833974));
#3438=CARTESIAN_POINT('',(-55.75,-50.,-49.2687611020647));
#3439=CARTESIAN_POINT('',(-55.75,-50.,-49.));
#3440=CARTESIAN_POINT('',(-56.75,-49.,-42.5));
#3441=CARTESIAN_POINT('',(-55.75,-50.,-41.5));
#3442=VECTOR('',#3443,1.);
#3443=DIRECTION('',(-0.577350269189626,0.577350269189626,-0.577350269189626));
#3444=CARTESIAN_POINT('',(-56.75,-49.,-49.));
#3445=CARTESIAN_POINT('',(-56.75,-49.,-42.5));
#3446=VECTOR('',#3447,1.);
#3447=DIRECTION('',(0.,0.,-1.));
#3448=CARTESIAN_POINT('',(-56.75,-49.,-49.));
#3449=VECTOR('',#3450,1.);
#3450=DIRECTION('',(0.577350269189626,-0.577350269189626,-0.577350269189626));
#3451=CARTESIAN_POINT('',(-56.0428932188135,-49.7071067811865,-49.7071067811865));
#3452=CARTESIAN_POINT('',(-55.8528504210243,-49.5170639833974,-49.8971495789757));
#3453=CARTESIAN_POINT('',(-55.75,-49.2687611020647,-50.));
#3454=CARTESIAN_POINT('',(-55.75,-49.,-50.));
#3455=CARTESIAN_POINT('',(56.0428932188135,-49.7071067811865,-49.7071067811866));
#3456=CARTESIAN_POINT('',(56.0428932188134,-49.7071067811865,-49.7071067811866));
#3457=CARTESIAN_POINT('',(55.8528504210243,-49.5170639833974,-49.8971495789757));
#3458=CARTESIAN_POINT('',(55.75,-49.2687611020647,-50.));
#3459=CARTESIAN_POINT('',(55.75,-49.,-50.));
#3460=CARTESIAN_POINT('',(56.0428932188135,-49.7071067811865,-49.7071067811865));
#3461=CARTESIAN_POINT('',(55.8528504210243,-49.8971495789757,-49.5170639833974));
#3462=CARTESIAN_POINT('',(55.75,-50.,-49.2687611020647));
#3463=CARTESIAN_POINT('',(55.75,-50.,-49.));
#3464=CARTESIAN_POINT('',(56.75,-49.,-49.));
#3465=CARTESIAN_POINT('',(56.75,-49.,-49.));
#3466=VECTOR('',#3467,1.);
#3467=DIRECTION('',(-0.577350269189622,-0.577350269189628,-0.577350269189628));
#3468=CARTESIAN_POINT('',(56.75,-49.,-42.5));
#3469=CARTESIAN_POINT('',(56.75,-49.,-42.5));
#3470=VECTOR('',#3471,1.);
#3471=DIRECTION('',(0.,0.,-1.));
#3472=CARTESIAN_POINT('',(56.75,-49.,-42.5));
#3473=VECTOR('',#3474,1.);
#3474=DIRECTION('',(-0.577350269189623,-0.577350269189627,0.577350269189627));
#3475=CARTESIAN_POINT('',(55.75,-41.5,-41.5));
#3476=CARTESIAN_POINT('',(55.75,-41.5,-41.5));
#3477=VECTOR('',#3478,1.);
#3478=DIRECTION('',(0.,-1.,0.));
#3479=CARTESIAN_POINT('',(50.,-41.5,-41.5));
#3480=VECTOR('',#3481,1.);
#3481=DIRECTION('',(1.,0.,0.));
#3482=CARTESIAN_POINT('',(55.75,-41.5,-41.5));
#3483=VECTOR('',#3484,1.);
#3484=DIRECTION('',(-8.35932630306E-16,0.,-1.));
#3485=CARTESIAN_POINT('',(55.75,41.5,-41.5));
#3486=VECTOR('',#3487,1.);
#3487=DIRECTION('',(0.,0.,-1.));
#3488=CARTESIAN_POINT('',(56.75,49.,-42.5));
#3489=CARTESIAN_POINT('',(56.75,42.5,-42.5));
#3490=CARTESIAN_POINT('',(56.75,49.,-42.5));
#3491=VECTOR('',#3492,1.);
#3492=DIRECTION('',(0.,-1.,0.));
#3493=CARTESIAN_POINT('',(55.75,50.,-41.5));
#3494=VECTOR('',#3495,1.);
#3495=DIRECTION('',(0.577350269189624,-0.577350269189624,-0.577350269189628));
#3496=CARTESIAN_POINT('',(56.75,42.5,-42.5));
#3497=VECTOR('',#3498,1.);
#3498=DIRECTION('',(-0.577350269189622,-0.577350269189626,0.57735026918963));
#3499=CARTESIAN_POINT('',(55.75,50.,-49.));
#3500=CARTESIAN_POINT('',(55.75,50.,-41.5));
#3501=VECTOR('',#3502,1.);
#3502=DIRECTION('',(0.,0.,-1.));
#3503=CARTESIAN_POINT('',(-55.75,50.,-49.));
#3504=CARTESIAN_POINT('',(-55.75,50.,-49.));
#3505=VECTOR('',#3506,1.);
#3506=DIRECTION('',(1.,0.,0.));
#3507=CARTESIAN_POINT('',(-55.75,50.,-41.5));
#3508=VECTOR('',#3509,1.);
#3509=DIRECTION('',(0.,0.,-1.));
#3510=CARTESIAN_POINT('',(-56.75,42.5,-42.5));
#3511=CARTESIAN_POINT('',(-56.75,49.,-42.5));
#3512=CARTESIAN_POINT('',(-56.75,42.5,-42.5));
#3513=VECTOR('',#3514,1.);
#3514=DIRECTION('',(0.,1.,0.));
#3515=CARTESIAN_POINT('',(-56.75,42.5,-42.5));
#3516=VECTOR('',#3517,1.);
#3517=DIRECTION('',(0.577350269189626,-0.577350269189622,0.57735026918963));
#3518=CARTESIAN_POINT('',(-56.75,49.,-42.5));
#3519=VECTOR('',#3520,1.);
#3520=DIRECTION('',(0.577350269189624,0.577350269189624,0.577350269189628));
#3521=CARTESIAN_POINT('',(-56.75,42.5,-49.));
#3522=CARTESIAN_POINT('',(-56.75,42.5,-42.5));
#3523=VECTOR('',#3524,1.);
#3524=DIRECTION('',(0.,0.,-1.));
#3525=CARTESIAN_POINT('',(-55.75,41.5,-50.));
#3526=VECTOR('',#3527,1.);
#3527=DIRECTION('',(-0.577350269189627,0.577350269189623,0.577350269189627));
#3528=CARTESIAN_POINT('',(56.0428932188135,49.7071067811865,-49.7071067811865));
#3529=CARTESIAN_POINT('',(56.0428932188135,49.7071067811865,-49.7071067811865));
#3530=CARTESIAN_POINT('',(55.8528504210243,49.8971495789757,-49.5170639833974));
#3531=CARTESIAN_POINT('',(55.75,50.,-49.2687611020647));
#3532=CARTESIAN_POINT('',(55.75,50.,-49.));
#3533=CARTESIAN_POINT('',(56.0428932188135,49.7071067811865,-49.7071067811865));
#3534=CARTESIAN_POINT('',(55.8528504210243,49.5170639833974,-49.8971495789757));
#3535=CARTESIAN_POINT('',(55.75,49.2687611020647,-50.));
#3536=CARTESIAN_POINT('',(55.75,49.,-50.));
#3537=CARTESIAN_POINT('',(-56.0428932188135,49.7071067811865,-49.7071067811866));
#3538=CARTESIAN_POINT('',(-56.0428932188134,49.7071067811865,-49.7071067811866));
#3539=CARTESIAN_POINT('',(-55.8528504210243,49.5170639833974,-49.8971495789757));
#3540=CARTESIAN_POINT('',(-55.75,49.2687611020647,-50.));
#3541=CARTESIAN_POINT('',(-55.75,49.,-50.));
#3542=CARTESIAN_POINT('',(-56.0428932188135,49.7071067811865,-49.7071067811865));
#3543=CARTESIAN_POINT('',(-55.8528504210243,49.8971495789757,-49.5170639833974));
#3544=CARTESIAN_POINT('',(-55.75,50.,-49.2687611020647));
#3545=CARTESIAN_POINT('',(-55.75,50.,-49.));
#3546=CARTESIAN_POINT('',(56.75,49.,-49.));
#3547=CARTESIAN_POINT('',(56.75,49.,-49.));
#3548=VECTOR('',#3549,1.);
#3549=DIRECTION('',(-0.577350269189626,0.577350269189626,-0.577350269189626));
#3550=CARTESIAN_POINT('',(56.75,42.5,-49.));
#3551=CARTESIAN_POINT('',(56.75,49.,-49.));
#3552=VECTOR('',#3553,1.);
#3553=DIRECTION('',(0.,-1.,0.));
#3554=CARTESIAN_POINT('',(56.75,42.5,-49.));
#3555=VECTOR('',#3556,1.);
#3556=DIRECTION('',(-0.577350269189626,-0.577350269189626,-0.577350269189626));
#3557=CARTESIAN_POINT('',(56.75,-42.5,-49.));
#3558=CARTESIAN_POINT('',(55.75,-41.5,-50.));
#3559=VECTOR('',#3560,1.);
#3560=DIRECTION('',(0.577350269189626,-0.577350269189626,0.577350269189626));
#3561=CARTESIAN_POINT('',(56.75,-42.5,-49.));
#3562=VECTOR('',#3563,1.);
#3563=DIRECTION('',(0.,-1.,0.));
#3564=CARTESIAN_POINT('',(-56.75,-42.5,-49.));
#3565=CARTESIAN_POINT('',(-56.75,-49.,-49.));
#3566=VECTOR('',#3567,1.);
#3567=DIRECTION('',(0.,1.,0.));
#3568=CARTESIAN_POINT('',(-56.75,-42.5,-49.));
#3569=VECTOR('',#3570,1.);
#3570=DIRECTION('',(0.577350269189626,0.577350269189626,-0.577350269189626));
#3571=CARTESIAN_POINT('',(-56.75,49.,-49.));
#3572=CARTESIAN_POINT('',(-56.75,42.5,-49.));
#3573=VECTOR('',#3574,1.);
#3574=DIRECTION('',(0.,1.,0.));
#3575=CARTESIAN_POINT('',(-56.75,49.,-49.));
#3576=VECTOR('',#3577,1.);
#3577=DIRECTION('',(0.577350269189622,0.577350269189628,-0.577350269189628));
#3578=CARTESIAN_POINT('',(-56.75,-42.5,-42.5));
#3579=CARTESIAN_POINT('',(-56.75,-42.5,-42.5));
#3580=VECTOR('',#3581,1.);
#3581=DIRECTION('',(0.,0.,-1.));
#3582=CARTESIAN_POINT('',(-56.75,-42.5,-42.5));
#3583=VECTOR('',#3584,1.);
#3584=DIRECTION('',(0.577350269189626,0.577350269189626,0.577350269189626));
#3585=CARTESIAN_POINT('',(-56.75,-49.,-42.5));
#3586=VECTOR('',#3587,1.);
#3587=DIRECTION('',(0.,1.,0.));
#3588=CARTESIAN_POINT('',(56.75,-42.5,-42.5));
#3589=CARTESIAN_POINT('',(56.75,-42.5,-42.5));
#3590=VECTOR('',#3591,1.);
#3591=DIRECTION('',(0.,0.,-1.));
#3592=CARTESIAN_POINT('',(56.75,-42.5,-42.5));
#3593=VECTOR('',#3594,1.);
#3594=DIRECTION('',(0.,-1.,0.));
#3595=CARTESIAN_POINT('',(56.75,-42.5,-42.5));
#3596=VECTOR('',#3597,1.);
#3597=DIRECTION('',(-0.57735026918962,0.577350269189628,0.577350269189628));
#3598=CARTESIAN_POINT('',(56.75,42.5,-42.5));
#3599=VECTOR('',#3600,1.);
#3600=DIRECTION('',(0.,0.,-1.));
#3601=CARTESIAN_POINT('',(56.75,49.,-42.5));
#3602=VECTOR('',#3603,1.);
#3603=DIRECTION('',(0.,0.,-1.));
#3604=CARTESIAN_POINT('',(-56.75,49.,-42.5));
#3605=VECTOR('',#3606,1.);
#3606=DIRECTION('',(0.,0.,-1.));
#3607=CARTESIAN_POINT('',(-47.,48.,-1.5));
#3608=CARTESIAN_POINT('',(-50.,48.,-1.5));
#3609=CARTESIAN_POINT('',(-47.,48.,-1.5));
#3610=VECTOR('',#3611,1.);
#3611=DIRECTION('',(-1.,0.,0.));
#3612=CARTESIAN_POINT('',(-50.,48.,41.5));
#3613=CARTESIAN_POINT('',(-50.,48.,41.5));
#3614=VECTOR('',#3615,1.);
#3615=DIRECTION('',(0.,-1.65242496688395E-16,-1.));
#3616=CARTESIAN_POINT('',(-44.,48.,41.5));
#3617=CARTESIAN_POINT('',(-50.,48.,41.5));
#3618=VECTOR('',#3619,1.);
#3619=DIRECTION('',(1.,0.,0.));
#3620=CARTESIAN_POINT('',(-44.,48.,1.5));
#3621=CARTESIAN_POINT('',(-44.,48.,1.5));
#3622=VECTOR('',#3623,1.);
#3623=DIRECTION('',(-1.77635683940025E-16,1.77635683940025E-16,1.));
#3624=CARTESIAN_POINT('',(-47.,48.,1.5));
#3625=CARTESIAN_POINT('',(-44.,48.,1.5));
#3626=VECTOR('',#3627,1.);
#3627=DIRECTION('',(-1.,0.,0.));
#3628=CARTESIAN_POINT('',(-47.,48.,1.5));
#3629=VECTOR('',#3630,1.);
#3630=DIRECTION('',(0.,0.,-1.));
#3631=CARTESIAN_POINT('',(-50.,-50.,-1.5));
#3632=CARTESIAN_POINT('',(-47.,-50.,-1.5));
#3633=CARTESIAN_POINT('',(-47.,-50.,-1.5));
#3634=VECTOR('',#3635,1.);
#3635=DIRECTION('',(-1.,0.,0.));
#3636=CARTESIAN_POINT('',(-50.,-50.,-1.5));
#3637=VECTOR('',#3638,1.);
#3638=DIRECTION('',(0.,1.,0.));
#3639=CARTESIAN_POINT('',(-47.,-50.,-1.5));
#3640=VECTOR('',#3641,1.);
#3641=DIRECTION('',(0.,1.,0.));
#3642=CARTESIAN_POINT('',(-50.,-50.,41.5));
#3643=CARTESIAN_POINT('',(-50.,-50.,-1.5));
#3644=VECTOR('',#3645,1.);
#3645=DIRECTION('',(0.,0.,1.));
#3646=CARTESIAN_POINT('',(-50.,-41.5,41.5));
#3647=CARTESIAN_POINT('',(-50.,-41.5,41.5));
#3648=VECTOR('',#3649,1.);
#3649=DIRECTION('',(8.35932630306E-16,-1.,0.));
#3650=CARTESIAN_POINT('',(-50.,-41.5,50.));
#3651=CARTESIAN_POINT('',(-50.,-41.5,50.));
#3652=VECTOR('',#3653,1.);
#3653=DIRECTION('',(-8.35932630306E-16,8.35932630306E-16,-1.));
#3654=CARTESIAN_POINT('',(-50.,41.5,50.));
#3655=CARTESIAN_POINT('',(-50.,41.5,50.));
#3656=VECTOR('',#3657,1.);
#3657=DIRECTION('',(0.,-1.,0.));
#3658=CARTESIAN_POINT('',(-50.,41.5,41.5));
#3659=CARTESIAN_POINT('',(-50.,41.5,41.5));
#3660=VECTOR('',#3661,1.);
#3661=DIRECTION('',(8.35932630306E-16,0.,1.));
#3662=CARTESIAN_POINT('',(-50.,48.,41.5));
#3663=VECTOR('',#3664,1.);
#3664=DIRECTION('',(-1.09314267040015E-15,-1.,0.));
#3665=CARTESIAN_POINT('',(44.,48.,41.5));
#3666=CARTESIAN_POINT('',(50.,48.,41.5));
#3667=CARTESIAN_POINT('',(44.,48.,41.5));
#3668=VECTOR('',#3669,1.);
#3669=DIRECTION('',(1.,0.,0.));
#3670=CARTESIAN_POINT('',(44.,46.,41.5));
#3671=CARTESIAN_POINT('',(44.,48.,41.5));
#3672=VECTOR('',#3673,1.);
#3673=DIRECTION('',(0.,-1.,0.));
#3674=CARTESIAN_POINT('',(-44.,46.,41.5));
#3675=CARTESIAN_POINT('',(44.,46.,41.5));
#3676=VECTOR('',#3677,1.);
#3677=DIRECTION('',(-1.,0.,0.));
#3678=CARTESIAN_POINT('',(-44.,46.,41.5));
#3679=VECTOR('',#3680,1.);
#3680=DIRECTION('',(0.,1.,0.));
#3681=CARTESIAN_POINT('',(-55.75,41.5,41.5));
#3682=CARTESIAN_POINT('',(-55.75,41.5,41.5));
#3683=VECTOR('',#3684,1.);
#3684=DIRECTION('',(1.,0.,0.));
#3685=CARTESIAN_POINT('',(-55.75,50.,41.5));
#3686=CARTESIAN_POINT('',(-55.75,50.,41.5));
#3687=VECTOR('',#3688,1.);
#3688=DIRECTION('',(0.,-1.,0.));
#3689=CARTESIAN_POINT('',(55.75,50.,41.5));
#3690=CARTESIAN_POINT('',(-55.75,50.,41.5));
#3691=VECTOR('',#3692,1.);
#3692=DIRECTION('',(1.,0.,0.));
#3693=CARTESIAN_POINT('',(55.75,41.5,41.5));
#3694=CARTESIAN_POINT('',(55.75,41.5,41.5));
#3695=VECTOR('',#3696,1.);
#3696=DIRECTION('',(0.,1.,0.));
#3697=CARTESIAN_POINT('',(50.,41.5,41.5));
#3698=CARTESIAN_POINT('',(50.,41.5,41.5));
#3699=VECTOR('',#3700,1.);
#3700=DIRECTION('',(1.,0.,0.));
#3701=CARTESIAN_POINT('',(50.,41.5,41.5));
#3702=VECTOR('',#3703,1.);
#3703=DIRECTION('',(0.,1.,0.));
#3704=CARTESIAN_POINT('',(-44.,-50.,1.5));
#3705=CARTESIAN_POINT('',(-44.,48.,1.5));
#3706=VECTOR('',#3707,1.);
#3707=DIRECTION('',(-1.45008721583694E-16,-1.,1.35945676484713E-17));
#3708=CARTESIAN_POINT('',(-44.,46.,44.));
#3709=CARTESIAN_POINT('',(-44.,46.,41.5));
#3710=VECTOR('',#3711,1.);
#3711=DIRECTION('',(0.,0.,1.));
#3712=CARTESIAN_POINT('',(-44.,-46.,44.));
#3713=CARTESIAN_POINT('',(-44.,-46.,44.));
#3714=VECTOR('',#3715,1.);
#3715=DIRECTION('',(1.54465812121761E-16,1.,0.));
#3716=CARTESIAN_POINT('',(-44.,-46.,41.5));
#3717=CARTESIAN_POINT('',(-44.,-46.,44.));
#3718=VECTOR('',#3719,1.);
#3719=DIRECTION('',(0.,0.,-1.));
#3720=CARTESIAN_POINT('',(-44.,-50.,41.5));
#3721=CARTESIAN_POINT('',(-44.,-50.,41.5));
#3722=VECTOR('',#3723,1.);
#3723=DIRECTION('',(0.,1.,0.));
#3724=CARTESIAN_POINT('',(-44.,-50.,41.5));
#3725=VECTOR('',#3726,1.);
#3726=DIRECTION('',(1.77635683940025E-16,0.,-1.));
#3727=CARTESIAN_POINT('',(-47.,-50.,1.5));
#3728=CARTESIAN_POINT('',(-44.,-50.,1.5));
#3729=VECTOR('',#3730,1.);
#3730=DIRECTION('',(-1.,0.,0.));
#3731=CARTESIAN_POINT('',(-47.,-50.,1.5));
#3732=VECTOR('',#3733,1.);
#3733=DIRECTION('',(0.,1.,0.));
#3734=CARTESIAN_POINT('',(-47.,-50.,1.5));
#3735=VECTOR('',#3736,1.);
#3736=DIRECTION('',(0.,0.,-1.));
#3737=CARTESIAN_POINT('',(44.,-50.,41.5));
#3738=CARTESIAN_POINT('',(44.,-50.,41.5));
#3739=VECTOR('',#3740,1.);
#3740=DIRECTION('',(-1.,0.,0.));
#3741=CARTESIAN_POINT('',(44.,-50.,1.5));
#3742=CARTESIAN_POINT('',(44.,-50.,1.5));
#3743=VECTOR('',#3744,1.);
#3744=DIRECTION('',(-3.5527136788005E-16,0.,1.));
#3745=CARTESIAN_POINT('',(47.,-50.,1.5));
#3746=CARTESIAN_POINT('',(47.,-50.,1.5));
#3747=VECTOR('',#3748,1.);
#3748=DIRECTION('',(-1.,0.,0.));
#3749=CARTESIAN_POINT('',(47.,-50.,-1.5));
#3750=CARTESIAN_POINT('',(47.,-50.,-1.5));
#3751=VECTOR('',#3752,1.);
#3752=DIRECTION('',(0.,0.,1.));
#3753=CARTESIAN_POINT('',(50.,-50.,-1.5));
#3754=CARTESIAN_POINT('',(50.,-50.,-1.5));
#3755=VECTOR('',#3756,1.);
#3756=DIRECTION('',(-1.,0.,1.48029736616688E-16));
#3757=CARTESIAN_POINT('',(50.,-50.,41.5));
#3758=CARTESIAN_POINT('',(50.,-50.,-1.5));
#3759=VECTOR('',#3760,1.);
#3760=DIRECTION('',(0.,0.,1.));
#3761=CARTESIAN_POINT('',(55.75,-50.,41.5));
#3762=CARTESIAN_POINT('',(50.,-50.,41.5));
#3763=VECTOR('',#3764,1.);
#3764=DIRECTION('',(1.,0.,0.));
#3765=CARTESIAN_POINT('',(55.75,-50.,49.));
#3766=CARTESIAN_POINT('',(55.75,-50.,41.5));
#3767=VECTOR('',#3768,1.);
#3768=DIRECTION('',(-9.473903143468E-16,0.,1.));
#3769=CARTESIAN_POINT('',(-55.75,-50.,49.));
#3770=CARTESIAN_POINT('',(-55.75,-50.,49.));
#3771=VECTOR('',#3772,1.);
#3772=DIRECTION('',(1.,0.,-6.37258058977669E-17));
#3773=CARTESIAN_POINT('',(-55.75,-50.,41.5));
#3774=CARTESIAN_POINT('',(-55.75,-50.,41.5));
#3775=VECTOR('',#3776,1.);
#3776=DIRECTION('',(0.,0.,1.));
#3777=CARTESIAN_POINT('',(-55.75,-50.,41.5));
#3778=VECTOR('',#3779,1.);
#3779=DIRECTION('',(1.,0.,0.));
#3780=CARTESIAN_POINT('',(-55.75,-41.5,41.5));
#3781=CARTESIAN_POINT('',(-55.75,-41.5,41.5));
#3782=VECTOR('',#3783,1.);
#3783=DIRECTION('',(0.,-1.,0.));
#3784=CARTESIAN_POINT('',(-50.,-41.5,41.5));
#3785=VECTOR('',#3786,1.);
#3786=DIRECTION('',(-1.,0.,0.));
#3787=CARTESIAN_POINT('',(-55.75,-41.5,50.));
#3788=CARTESIAN_POINT('',(-55.75,-41.5,41.5));
#3789=VECTOR('',#3790,1.);
#3790=DIRECTION('',(0.,0.,1.));
#3791=CARTESIAN_POINT('',(-50.,-41.5,50.));
#3792=VECTOR('',#3793,1.);
#3793=DIRECTION('',(-1.,0.,0.));
#3794=CARTESIAN_POINT('',(55.75,49.,50.));
#3795=CARTESIAN_POINT('',(-55.75,49.,50.));
#3796=CARTESIAN_POINT('',(55.75,49.,50.));
#3797=VECTOR('',#3798,1.);
#3798=DIRECTION('',(-1.,-6.37258058977669E-17,0.));
#3799=CARTESIAN_POINT('',(-55.75,41.5,50.));
#3800=CARTESIAN_POINT('',(-55.75,49.,50.));
#3801=VECTOR('',#3802,1.);
#3802=DIRECTION('',(0.,-1.,0.));
#3803=CARTESIAN_POINT('',(-55.75,41.5,50.));
#3804=VECTOR('',#3805,1.);
#3805=DIRECTION('',(1.,0.,0.));
#3806=CARTESIAN_POINT('',(-55.75,-49.,50.));
#3807=CARTESIAN_POINT('',(-55.75,-41.5,50.));
#3808=VECTOR('',#3809,1.);
#3809=DIRECTION('',(0.,-1.,0.));
#3810=CARTESIAN_POINT('',(55.75,-49.,50.));
#3811=CARTESIAN_POINT('',(-55.75,-49.,50.));
#3812=VECTOR('',#3813,1.);
#3813=DIRECTION('',(1.,6.37258058977669E-17,0.));
#3814=CARTESIAN_POINT('',(55.75,-41.5,50.));
#3815=CARTESIAN_POINT('',(55.75,-49.,50.));
#3816=VECTOR('',#3817,1.);
#3817=DIRECTION('',(0.,1.,0.));
#3818=CARTESIAN_POINT('',(50.,-41.5,50.));
#3819=CARTESIAN_POINT('',(55.75,-41.5,50.));
#3820=VECTOR('',#3821,1.);
#3821=DIRECTION('',(-1.,0.,0.));
#3822=CARTESIAN_POINT('',(50.,41.5,50.));
#3823=CARTESIAN_POINT('',(50.,-41.5,50.));
#3824=VECTOR('',#3825,1.);
#3825=DIRECTION('',(0.,1.,0.));
#3826=CARTESIAN_POINT('',(55.75,41.5,50.));
#3827=CARTESIAN_POINT('',(50.,41.5,50.));
#3828=VECTOR('',#3829,1.);
#3829=DIRECTION('',(1.,0.,0.));
#3830=CARTESIAN_POINT('',(55.75,41.5,50.));
#3831=VECTOR('',#3832,1.);
#3832=DIRECTION('',(0.,1.,0.));
#3833=CARTESIAN_POINT('',(-55.75,41.5,41.5));
#3834=VECTOR('',#3835,1.);
#3835=DIRECTION('',(0.,0.,1.));
#3836=CARTESIAN_POINT('',(47.,48.,1.5));
#3837=CARTESIAN_POINT('',(44.,48.,1.5));
#3838=CARTESIAN_POINT('',(47.,48.,1.5));
#3839=VECTOR('',#3840,1.);
#3840=DIRECTION('',(-1.,0.,0.));
#3841=CARTESIAN_POINT('',(44.,48.,41.5));
#3842=VECTOR('',#3843,1.);
#3843=DIRECTION('',(3.5527136788005E-16,-1.77635683940025E-16,-1.));
#3844=CARTESIAN_POINT('',(50.,48.,-1.5));
#3845=CARTESIAN_POINT('',(50.,48.,-1.5));
#3846=VECTOR('',#3847,1.);
#3847=DIRECTION('',(0.,3.30484993376791E-16,1.));
#3848=CARTESIAN_POINT('',(47.,48.,-1.5));
#3849=CARTESIAN_POINT('',(50.,48.,-1.5));
#3850=VECTOR('',#3851,1.);
#3851=DIRECTION('',(-1.,0.,1.48029736616688E-16));
#3852=CARTESIAN_POINT('',(47.,48.,-1.5));
#3853=VECTOR('',#3854,1.);
#3854=DIRECTION('',(0.,0.,1.));
#3855=CARTESIAN_POINT('',(44.,-50.,1.5));
#3856=VECTOR('',#3857,1.);
#3857=DIRECTION('',(0.,1.,-1.35945676484713E-17));
#3858=CARTESIAN_POINT('',(44.,-46.,41.5));
#3859=CARTESIAN_POINT('',(44.,-46.,41.5));
#3860=VECTOR('',#3861,1.);
#3861=DIRECTION('',(0.,-1.,0.));
#3862=CARTESIAN_POINT('',(44.,-46.,44.));
#3863=CARTESIAN_POINT('',(44.,-46.,41.5));
#3864=VECTOR('',#3865,1.);
#3865=DIRECTION('',(0.,0.,1.));
#3866=CARTESIAN_POINT('',(44.,46.,44.));
#3867=CARTESIAN_POINT('',(44.,46.,44.));
#3868=VECTOR('',#3869,1.);
#3869=DIRECTION('',(0.,-1.,0.));
#3870=CARTESIAN_POINT('',(44.,46.,44.));
#3871=VECTOR('',#3872,1.);
#3872=DIRECTION('',(0.,0.,-1.));
#3873=CARTESIAN_POINT('',(44.,46.,44.));
#3874=VECTOR('',#3875,1.);
#3875=DIRECTION('',(-1.,0.,0.));
#3876=CARTESIAN_POINT('',(-56.75,49.,42.5));
#3877=CARTESIAN_POINT('',(-56.75,42.5,42.5));
#3878=CARTESIAN_POINT('',(-56.75,49.,42.5));
#3879=VECTOR('',#3880,1.);
#3880=DIRECTION('',(0.,-1.,0.));
#3881=CARTESIAN_POINT('',(-56.75,49.,42.5));
#3882=VECTOR('',#3883,1.);
#3883=DIRECTION('',(0.577350269189623,0.577350269189627,-0.577350269189627));
#3884=CARTESIAN_POINT('',(-56.75,42.5,42.5));
#3885=VECTOR('',#3886,1.);
#3886=DIRECTION('',(0.577350269189626,-0.577350269189626,-0.577350269189626));
#3887=CARTESIAN_POINT('',(-55.75,50.,49.));
#3888=CARTESIAN_POINT('',(-55.75,50.,41.5));
#3889=VECTOR('',#3890,1.);
#3890=DIRECTION('',(9.473903143468E-16,0.,1.));
#3891=CARTESIAN_POINT('',(55.75,50.,49.));
#3892=CARTESIAN_POINT('',(55.75,50.,49.));
#3893=VECTOR('',#3894,1.);
#3894=DIRECTION('',(-1.,0.,-6.37258058977669E-17));
#3895=CARTESIAN_POINT('',(55.75,50.,41.5));
#3896=VECTOR('',#3897,1.);
#3897=DIRECTION('',(0.,0.,1.));
#3898=CARTESIAN_POINT('',(56.75,42.5,42.5));
#3899=CARTESIAN_POINT('',(56.75,49.,42.5));
#3900=CARTESIAN_POINT('',(56.75,42.5,42.5));
#3901=VECTOR('',#3902,1.);
#3902=DIRECTION('',(0.,1.,0.));
#3903=CARTESIAN_POINT('',(55.75,41.5,41.5));
#3904=VECTOR('',#3905,1.);
#3905=DIRECTION('',(0.577350269189619,0.577350269189627,0.577350269189631));
#3906=CARTESIAN_POINT('',(56.75,49.,42.5));
#3907=VECTOR('',#3908,1.);
#3908=DIRECTION('',(-0.577350269189626,0.577350269189626,-0.577350269189626));
#3909=CARTESIAN_POINT('',(55.75,41.5,41.5));
#3910=VECTOR('',#3911,1.);
#3911=DIRECTION('',(-8.35932630306E-16,0.,1.));
#3912=CARTESIAN_POINT('',(50.,41.5,50.));
#3913=VECTOR('',#3914,1.);
#3914=DIRECTION('',(0.,0.,-1.));
#3915=CARTESIAN_POINT('',(50.,48.,-1.5));
#3916=VECTOR('',#3917,1.);
#3917=DIRECTION('',(0.,-1.,0.));
#3918=CARTESIAN_POINT('',(50.,-41.5,41.5));
#3919=CARTESIAN_POINT('',(50.,-41.5,41.5));
#3920=VECTOR('',#3921,1.);
#3921=DIRECTION('',(0.,-8.35932630306E-16,1.));
#3922=CARTESIAN_POINT('',(50.,-50.,41.5));
#3923=VECTOR('',#3924,1.);
#3924=DIRECTION('',(0.,1.,0.));
#3925=CARTESIAN_POINT('',(-44.,-46.,44.));
#3926=VECTOR('',#3927,1.);
#3927=DIRECTION('',(1.,0.,0.));
#3928=CARTESIAN_POINT('',(-44.,-46.,41.5));
#3929=VECTOR('',#3930,1.);
#3930=DIRECTION('',(1.,0.,8.07434927000114E-17));
#3931=CARTESIAN_POINT('',(47.,-50.,1.5));
#3932=VECTOR('',#3933,1.);
#3933=DIRECTION('',(0.,1.,0.));
#3934=CARTESIAN_POINT('',(47.,-50.,-1.5));
#3935=VECTOR('',#3936,1.);
#3936=DIRECTION('',(0.,1.,0.));
#3937=CARTESIAN_POINT('',(55.75,-41.5,41.5));
#3938=CARTESIAN_POINT('',(55.75,-41.5,41.5));
#3939=VECTOR('',#3940,1.);
#3940=DIRECTION('',(-1.,0.,0.));
#3941=CARTESIAN_POINT('',(55.75,-50.,41.5));
#3942=VECTOR('',#3943,1.);
#3943=DIRECTION('',(0.,1.,0.));
#3944=CARTESIAN_POINT('',(56.0428932188134,-49.7071067811866,49.7071067811866));
#3945=CARTESIAN_POINT('',(56.0428932188134,-49.7071067811866,49.7071067811866));
#3946=CARTESIAN_POINT('',(55.8528504210243,-49.8971495789757,49.5170639833974));
#3947=CARTESIAN_POINT('',(55.75,-50.,49.2687611020647));
#3948=CARTESIAN_POINT('',(55.75,-50.,49.));
#3949=CARTESIAN_POINT('',(56.75,-49.,42.5));
#3950=CARTESIAN_POINT('',(56.75,-49.,42.5));
#3951=VECTOR('',#3952,1.);
#3952=DIRECTION('',(-0.57735026918962,-0.577350269189628,-0.577350269189628));
#3953=CARTESIAN_POINT('',(56.75,-49.,49.));
#3954=CARTESIAN_POINT('',(56.75,-49.,42.5));
#3955=VECTOR('',#3956,1.);
#3956=DIRECTION('',(0.,0.,1.));
#3957=CARTESIAN_POINT('',(56.0428932188135,-49.7071067811865,49.7071067811865));
#3958=VECTOR('',#3959,1.);
#3959=DIRECTION('',(0.577350269189622,0.577350269189628,-0.577350269189628));
#3960=CARTESIAN_POINT('',(56.0428932188134,-49.7071067811865,49.7071067811866));
#3961=CARTESIAN_POINT('',(55.8528504210243,-49.5170639833974,49.8971495789757));
#3962=CARTESIAN_POINT('',(55.75,-49.2687611020647,50.));
#3963=CARTESIAN_POINT('',(55.75,-49.,50.));
#3964=CARTESIAN_POINT('',(-56.0428932188134,-49.7071067811866,49.7071067811866));
#3965=CARTESIAN_POINT('',(-56.0428932188135,-49.7071067811865,49.7071067811865));
#3966=CARTESIAN_POINT('',(-55.8528504210243,-49.5170639833974,49.8971495789757));
#3967=CARTESIAN_POINT('',(-55.75,-49.2687611020647,50.));
#3968=CARTESIAN_POINT('',(-55.75,-49.,50.));
#3969=CARTESIAN_POINT('',(-56.0428932188134,-49.7071067811866,49.7071067811866));
#3970=CARTESIAN_POINT('',(-55.8528504210243,-49.8971495789757,49.5170639833974));
#3971=CARTESIAN_POINT('',(-55.75,-50.,49.2687611020647));
#3972=CARTESIAN_POINT('',(-55.75,-50.,49.));
#3973=CARTESIAN_POINT('',(-56.75,-49.,49.));
#3974=CARTESIAN_POINT('',(-56.75,-49.,49.));
#3975=VECTOR('',#3976,1.);
#3976=DIRECTION('',(0.577350269189626,-0.577350269189626,0.577350269189626));
#3977=CARTESIAN_POINT('',(-56.75,-49.,42.5));
#3978=CARTESIAN_POINT('',(-56.75,-49.,42.5));
#3979=VECTOR('',#3980,1.);
#3980=DIRECTION('',(0.,0.,1.));
#3981=CARTESIAN_POINT('',(-56.75,-49.,42.5));
#3982=VECTOR('',#3983,1.);
#3983=DIRECTION('',(0.577350269189626,-0.577350269189626,-0.577350269189626));
#3984=CARTESIAN_POINT('',(-56.75,-42.5,42.5));
#3985=CARTESIAN_POINT('',(-56.75,-42.5,42.5));
#3986=VECTOR('',#3987,1.);
#3987=DIRECTION('',(0.,-1.,0.));
#3988=CARTESIAN_POINT('',(-55.75,-41.5,41.5));
#3989=VECTOR('',#3990,1.);
#3990=DIRECTION('',(-0.577350269189627,-0.577350269189623,0.577350269189627));
#3991=CARTESIAN_POINT('',(-56.75,-42.5,49.));
#3992=CARTESIAN_POINT('',(-56.75,-42.5,42.5));
#3993=VECTOR('',#3994,1.);
#3994=DIRECTION('',(0.,0.,1.));
#3995=CARTESIAN_POINT('',(-56.75,-42.5,49.));
#3996=VECTOR('',#3997,1.);
#3997=DIRECTION('',(0.577350269189627,0.577350269189623,0.577350269189627));
#3998=CARTESIAN_POINT('',(-56.0428932188134,49.7071067811866,49.7071067811866));
#3999=CARTESIAN_POINT('',(-56.0428932188134,49.7071067811866,49.7071067811866));
#4000=CARTESIAN_POINT('',(-55.8528504210243,49.8971495789757,49.5170639833974));
#4001=CARTESIAN_POINT('',(-55.75,50.,49.2687611020647));
#4002=CARTESIAN_POINT('',(-55.75,50.,49.));
#4003=CARTESIAN_POINT('',(-56.0428932188134,49.7071067811865,49.7071067811866));
#4004=CARTESIAN_POINT('',(-55.8528504210243,49.5170639833974,49.8971495789757));
#4005=CARTESIAN_POINT('',(-55.75,49.2687611020647,50.));
#4006=CARTESIAN_POINT('',(-55.75,49.,50.));
#4007=CARTESIAN_POINT('',(56.0428932188134,49.7071067811866,49.7071067811866));
#4008=CARTESIAN_POINT('',(56.0428932188135,49.7071067811865,49.7071067811865));
#4009=CARTESIAN_POINT('',(55.8528504210243,49.5170639833974,49.8971495789757));
#4010=CARTESIAN_POINT('',(55.75,49.2687611020647,50.));
#4011=CARTESIAN_POINT('',(55.75,49.,50.));
#4012=CARTESIAN_POINT('',(56.0428932188134,49.7071067811866,49.7071067811866));
#4013=CARTESIAN_POINT('',(55.8528504210243,49.8971495789757,49.5170639833974));
#4014=CARTESIAN_POINT('',(55.75,50.,49.2687611020647));
#4015=CARTESIAN_POINT('',(55.75,50.,49.));
#4016=CARTESIAN_POINT('',(-56.75,49.,49.));
#4017=CARTESIAN_POINT('',(-56.0428932188135,49.7071067811865,49.7071067811865));
#4018=VECTOR('',#4019,1.);
#4019=DIRECTION('',(-0.577350269189622,-0.577350269189628,-0.577350269189628));
#4020=CARTESIAN_POINT('',(-56.75,42.5,49.));
#4021=CARTESIAN_POINT('',(-56.75,49.,49.));
#4022=VECTOR('',#4023,1.);
#4023=DIRECTION('',(0.,-1.,0.));
#4024=CARTESIAN_POINT('',(-56.75,42.5,49.));
#4025=VECTOR('',#4026,1.);
#4026=DIRECTION('',(0.577350269189626,-0.577350269189626,0.577350269189626));
#4027=CARTESIAN_POINT('',(-56.75,-42.5,49.));
#4028=VECTOR('',#4029,1.);
#4029=DIRECTION('',(0.,-1.,0.));
#4030=CARTESIAN_POINT('',(56.75,-42.5,49.));
#4031=CARTESIAN_POINT('',(56.75,-49.,49.));
#4032=VECTOR('',#4033,1.);
#4033=DIRECTION('',(0.,1.,0.));
#4034=CARTESIAN_POINT('',(56.75,-42.5,49.));
#4035=VECTOR('',#4036,1.);
#4036=DIRECTION('',(-0.577350269189626,0.577350269189626,0.577350269189626));
#4037=CARTESIAN_POINT('',(55.75,-41.5,41.5));
#4038=VECTOR('',#4039,1.);
#4039=DIRECTION('',(0.,0.,1.));
#4040=CARTESIAN_POINT('',(56.75,42.5,49.));
#4041=CARTESIAN_POINT('',(56.75,42.5,49.));
#4042=VECTOR('',#4043,1.);
#4043=DIRECTION('',(-0.577350269189626,-0.577350269189626,0.577350269189626));
#4044=CARTESIAN_POINT('',(56.75,49.,49.));
#4045=CARTESIAN_POINT('',(56.75,42.5,49.));
#4046=VECTOR('',#4047,1.);
#4047=DIRECTION('',(0.,1.,0.));
#4048=CARTESIAN_POINT('',(56.75,49.,49.));
#4049=VECTOR('',#4050,1.);
#4050=DIRECTION('',(-0.577350269189626,0.577350269189626,0.577350269189626));
#4051=CARTESIAN_POINT('',(-56.75,42.5,42.5));
#4052=VECTOR('',#4053,1.);
#4053=DIRECTION('',(0.,0.,1.));
#4054=CARTESIAN_POINT('',(-56.75,49.,42.5));
#4055=VECTOR('',#4056,1.);
#4056=DIRECTION('',(0.,0.,1.));
#4057=CARTESIAN_POINT('',(56.75,49.,42.5));
#4058=VECTOR('',#4059,1.);
#4059=DIRECTION('',(0.,0.,1.));
#4060=CARTESIAN_POINT('',(56.75,42.5,42.5));
#4061=VECTOR('',#4062,1.);
#4062=DIRECTION('',(0.,0.,1.));
#4063=CARTESIAN_POINT('',(56.75,-42.5,42.5));
#4064=CARTESIAN_POINT('',(56.75,-49.,42.5));
#4065=VECTOR('',#4066,1.);
#4066=DIRECTION('',(0.,1.,0.));
#4067=CARTESIAN_POINT('',(56.75,-42.5,42.5));
#4068=VECTOR('',#4069,1.);
#4069=DIRECTION('',(-0.577350269189623,0.577350269189627,-0.577350269189627));
#4070=CARTESIAN_POINT('',(56.75,-42.5,42.5));
#4071=VECTOR('',#4072,1.);
#4072=DIRECTION('',(0.,0.,1.));
#4073=CARTESIAN_POINT('',(-5.89999999999999,5.89999999999998,-28.1));
#4074=CARTESIAN_POINT('',(5.90000000000001,5.89999999999998,-28.1));
#4075=CARTESIAN_POINT('',(-5.89999999999999,5.89999999999998,-28.1));
#4076=VECTOR('',#4077,1.);
#4077=DIRECTION('',(1.,0.,0.));
#4078=CARTESIAN_POINT('',(5.90000000000001,10.6,-28.1));
#4079=CARTESIAN_POINT('',(5.90000000000001,5.89999999999998,-28.1));
#4080=VECTOR('',#4081,1.);
#4081=DIRECTION('',(0.,1.,0.));
#4082=CARTESIAN_POINT('',(-5.89999999999999,10.6,-28.1));
#4083=CARTESIAN_POINT('',(5.90000000000001,10.6,-28.1));
#4084=VECTOR('',#4085,1.);
#4085=DIRECTION('',(-1.,0.,0.));
#4086=CARTESIAN_POINT('',(-5.89999999999999,10.6,-28.1));
#4087=VECTOR('',#4088,1.);
#4088=DIRECTION('',(0.,-1.,0.));
#4089=CARTESIAN_POINT('',(0.783493649000004,8.29999999999998,-28.1));
#4090=AXIS2_PLACEMENT_3D('',#4091,#4092,#4093);
#4091=CARTESIAN_POINT('',(4.59570492559986E-15,8.29999999999998,-28.1));
#4092=DIRECTION('',(1.48029736616687E-16,2.21703333030329E-16,1.));
#4093=DIRECTION('',(1.,0.,-1.48029736616687E-16));
#4094=CARTESIAN_POINT('',(0.783493649000003,8.29999999999998,-38.1));
#4095=AXIS2_PLACEMENT_3D('',#4096,#4097,#4098);
#4096=CARTESIAN_POINT('',(3.11540755943299E-15,8.29999999999998,-38.1));
#4097=DIRECTION('',(1.48029736616687E-16,2.21703333030329E-16,1.));
#4098=DIRECTION('',(1.,0.,-1.48029736616687E-16));
#4099=CARTESIAN_POINT('',(-5.9,5.89999999999998,-44.));
#4100=CARTESIAN_POINT('',(5.9,5.89999999999998,-44.));
#4101=CARTESIAN_POINT('',(-5.9,5.89999999999998,-44.));
#4102=VECTOR('',#4103,1.);
#4103=DIRECTION('',(1.,0.,0.));
#4104=CARTESIAN_POINT('',(5.9,5.89999999999998,-44.));
#4105=VECTOR('',#4106,1.);
#4106=DIRECTION('',(1.67580833905684E-16,2.23441111874245E-16,1.));
#4107=CARTESIAN_POINT('',(-5.9,5.89999999999998,-44.));
#4108=VECTOR('',#4109,1.);
#4109=DIRECTION('',(1.67580833905684E-16,2.23441111874245E-16,1.));
#4110=CARTESIAN_POINT('',(5.9,-21.4,-47.));
#4111=CARTESIAN_POINT('',(5.9,10.6,-47.));
#4112=CARTESIAN_POINT('',(5.9,-21.4,-47.));
#4113=VECTOR('',#4114,1.);
#4114=DIRECTION('',(8.32667268468867E-17,1.,0.));
#4115=CARTESIAN_POINT('',(5.9,10.6,-47.));
#4116=VECTOR('',#4117,1.);
#4117=DIRECTION('',(1.40980701539702E-16,1.87974268719603E-16,1.));
#4118=CARTESIAN_POINT('',(5.9,-16.7,-44.));
#4119=CARTESIAN_POINT('',(5.9,-16.7,-44.));
#4120=VECTOR('',#4121,1.);
#4121=DIRECTION('',(7.85998601504536E-17,1.,0.));
#4122=CARTESIAN_POINT('',(5.90000000000001,-16.7,-28.1));
#4123=CARTESIAN_POINT('',(5.9,-16.7,-44.));
#4124=VECTOR('',#4125,1.);
#4125=DIRECTION('',(1.67580833905684E-16,2.23441111874245E-16,1.));
#4126=CARTESIAN_POINT('',(5.90000000000001,-21.4,-28.1));
#4127=CARTESIAN_POINT('',(5.90000000000001,-21.4,-28.1));
#4128=VECTOR('',#4129,1.);
#4129=DIRECTION('',(0.,1.,7.55896527404362E-16));
#4130=CARTESIAN_POINT('',(5.9,-21.4,-47.));
#4131=VECTOR('',#4132,1.);
#4132=DIRECTION('',(1.40980701539702E-16,3.75948537439206E-16,1.));
#4133=CARTESIAN_POINT('',(-5.9,10.6,-47.));
#4134=CARTESIAN_POINT('',(5.9,10.6,-47.));
#4135=VECTOR('',#4136,1.);
#4136=DIRECTION('',(-1.,0.,0.));
#4137=CARTESIAN_POINT('',(-5.9,10.6,-47.));
#4138=VECTOR('',#4139,1.);
#4139=DIRECTION('',(1.40980701539702E-16,1.87974268719603E-16,1.));
#4140=CARTESIAN_POINT('',(-5.9,-21.4,-47.));
#4141=CARTESIAN_POINT('',(-5.9,10.6,-47.));
#4142=VECTOR('',#4143,1.);
#4143=DIRECTION('',(-8.32667268468867E-17,-1.,0.));
#4144=CARTESIAN_POINT('',(-5.9,-21.4,-28.1));
#4145=CARTESIAN_POINT('',(-5.9,-21.4,-47.));
#4146=VECTOR('',#4147,1.);
#4147=DIRECTION('',(1.40980701539702E-16,3.75948537439206E-16,1.));
#4148=CARTESIAN_POINT('',(-5.9,-16.7,-28.1));
#4149=CARTESIAN_POINT('',(-5.9,-16.7,-28.1));
#4150=VECTOR('',#4151,1.);
#4151=DIRECTION('',(0.,-1.,0.));
#4152=CARTESIAN_POINT('',(-5.9,-16.7,-44.));
#4153=CARTESIAN_POINT('',(-5.9,-16.7,-44.));
#4154=VECTOR('',#4155,1.);
#4155=DIRECTION('',(1.67580833905684E-16,2.23441111874245E-16,1.));
#4156=CARTESIAN_POINT('',(-5.9,5.89999999999998,-44.));
#4157=VECTOR('',#4158,1.);
#4158=DIRECTION('',(-7.85998601504536E-17,-1.,0.));
#4159=CARTESIAN_POINT('',(5.9,-16.7,-44.));
#4160=VECTOR('',#4161,1.);
#4161=DIRECTION('',(-1.,0.,0.));
#4162=CARTESIAN_POINT('',(-5.9,-21.4,-47.));
#4163=VECTOR('',#4164,1.);
#4164=DIRECTION('',(1.,0.,0.));
#4165=CARTESIAN_POINT('',(5.90000000000001,-16.7,-28.1));
#4166=VECTOR('',#4167,1.);
#4167=DIRECTION('',(-1.,0.,0.));
#4168=CARTESIAN_POINT('',(-5.9,-21.4,-28.1));
#4169=VECTOR('',#4170,1.);
#4170=DIRECTION('',(1.,0.,0.));
#4171=CARTESIAN_POINT('',(0.783493649000007,-19.088367608534,-28.1));
#4172=AXIS2_PLACEMENT_3D('',#4173,#4174,#4175);
#4173=CARTESIAN_POINT('',(7.02622603367689E-15,-19.088367608534,-28.1));
#4174=DIRECTION('',(1.48029736616687E-16,2.21703333030329E-16,1.));
#4175=DIRECTION('',(1.,0.,-1.48029736616687E-16));
#4176=CARTESIAN_POINT('',(0.783493649000006,-19.088367608534,-38.1));
#4177=AXIS2_PLACEMENT_3D('',#4178,#4179,#4180);
#4178=CARTESIAN_POINT('',(5.54592866751002E-15,-19.088367608534,-38.1));
#4179=DIRECTION('',(1.48029736616687E-16,2.21703333030329E-16,1.));
#4180=DIRECTION('',(1.,0.,-1.48029736616687E-16));
ENDSEC;
END-ISO-10303-21;
